id,deleted_at,created_at,updated_at,greco_item_id,quantity,transaction_code,transaction_type,implemented_on,remark
1138a22e-10ec-11e7-82e3-d850e6bdf14c,NULL,"2017-03-24 16:46:14","2017-03-24 16:46:14",a0a896c8-10a9-11e7-9c2e-d850e6bdf14c,1,0965,RETRIEVE,2017-03-24,"OUT BY MAUI (DAMAGE)"
16875cb2-10eb-11e7-82e3-d850e6bdf14c,NULL,"2017-03-24 16:39:13","2017-03-24 16:39:13",b7698610-10a9-11e7-9c2e-d850e6bdf14c,378,0965,RETRIEVE,2017-03-24,"OUT BY MAUI"
1904cf9a-10ac-11e7-9c2e-d850e6bdf14c,NULL,"2017-03-24 09:08:19","2017-03-24 09:08:19",ab77c682-10a9-11e7-9c2e-d850e6bdf14c,27,"PACKING LIST FROM CHINA",STORE,2017-03-23,NO.36
19408780-10d7-11e7-9c2e-d850e6bdf14c,NULL,"2017-03-24 14:16:08","2017-03-24 14:16:08",de98f7ca-10d6-11e7-9c2e-d850e6bdf14c,144,"PACKING LIST FROM CHINA",STORE,2017-03-23,
1ae8bdf6-10d6-11e7-9c2e-d850e6bdf14c,NULL,"2017-03-24 14:09:01","2017-03-24 14:09:01",a60efeb2-10d2-11e7-9c2e-d850e6bdf14c,50,0963,RETRIEVE,2017-03-24,"out by litoy"
31ea7230-10b6-11e7-9c2e-d850e6bdf14c,NULL,"2017-03-24 10:20:36","2017-03-24 10:20:36",01ad5f38-10b6-11e7-9c2e-d850e6bdf14c,240,"PACKING LIST FROM CHINA",STORE,2017-03-23,no.36
385c1d16-10e9-11e7-82e3-d850e6bdf14c,NULL,"2017-03-24 16:25:51","2017-03-24 16:25:51",a0a896c8-10a9-11e7-9c2e-d850e6bdf14c,10,0965,RETRIEVE,2017-03-24,"OUT BY LOUIE"
3f67d3aa-10eb-11e7-82e3-d850e6bdf14c,NULL,"2017-03-24 16:40:22","2017-03-24 16:40:22",9fb9af5e-10a9-11e7-9c2e-d850e6bdf14c,2,0965,RETRIEVE,2017-03-24,"OUT BY MAUI"
3faf2efe-10ae-11e7-9c2e-d850e6bdf14c,NULL,"2017-03-24 09:23:43","2017-03-24 09:23:43",a0a896c8-10a9-11e7-9c2e-d850e6bdf14c,200,"packing from china",STORE,2017-03-23,no.36
452bab9e-10bf-11e7-9c2e-d850e6bdf14c,NULL,"2017-03-24 11:25:34","2017-03-24 11:25:34",9fca07fa-10a9-11e7-9c2e-d850e6bdf14c,50,china,STORE,2017-03-23,NO.36
4b8c7cea-10d6-11e7-9c2e-d850e6bdf14c,NULL,"2017-03-24 14:10:23","2017-03-24 14:10:23",48cb5344-10d3-11e7-9c2e-d850e6bdf14c,50,0963,RETRIEVE,2017-03-24,"out by litoy"
73c3be9e-10ae-11e7-9c2e-d850e6bdf14c,NULL,"2017-03-24 09:25:11","2017-03-24 09:25:11",a07ef958-10a9-11e7-9c2e-d850e6bdf14c,14,"PACKING LIST FROM CHINA",STORE,2017-03-23,NO.36
74165244-10d6-11e7-9c2e-d850e6bdf14c,NULL,"2017-03-24 14:11:31","2017-03-24 14:11:31",853879aa-10d4-11e7-9c2e-d850e6bdf14c,20,0963,RETRIEVE,2017-03-24,"out by litoy"
7fe1f356-10bf-11e7-9c2e-d850e6bdf14c,NULL,"2017-03-24 11:27:12","2017-03-24 11:27:12",9fb9af5e-10a9-11e7-9c2e-d850e6bdf14c,5,0961,RETRIEVE,2017-03-23,"out by litoy"
98153304-10a9-11e7-9c2e-d850e6bdf14c,NULL,"2017-03-24 08:50:24","2017-03-24 08:50:24",97bc1d6e-10a9-11e7-9c2e-d850e6bdf14c,0,NULL,STORE,2017-03-24,NULL
98362244-10a9-11e7-9c2e-d850e6bdf14c,NULL,"2017-03-24 08:50:24","2017-03-24 08:50:24",9829e79a-10a9-11e7-9c2e-d850e6bdf14c,190,NULL,STORE,2017-03-24,NULL
986ad548-10a9-11e7-9c2e-d850e6bdf14c,NULL,"2017-03-24 08:50:25","2017-03-24 08:50:25",984ee586-10a9-11e7-9c2e-d850e6bdf14c,0,NULL,STORE,2017-03-24,NULL
988b198e-10a9-11e7-9c2e-d850e6bdf14c,NULL,"2017-03-24 08:50:25","2017-03-24 08:50:25",987b60ca-10a9-11e7-9c2e-d850e6bdf14c,0,NULL,STORE,2017-03-24,NULL
98b6ac66-10a9-11e7-9c2e-d850e6bdf14c,NULL,"2017-03-24 08:50:25","2017-03-24 08:50:25",98a7b102-10a9-11e7-9c2e-d850e6bdf14c,0,NULL,STORE,2017-03-24,NULL
98dba052-10a9-11e7-9c2e-d850e6bdf14c,NULL,"2017-03-24 08:50:25","2017-03-24 08:50:25",98cdbef6-10a9-11e7-9c2e-d850e6bdf14c,38,NULL,STORE,2017-03-24,NULL
98f0ee9e-10a9-11e7-9c2e-d850e6bdf14c,NULL,"2017-03-24 08:50:25","2017-03-24 08:50:25",98e4c4b6-10a9-11e7-9c2e-d850e6bdf14c,70,NULL,STORE,2017-03-24,NULL
98ff21da-10a9-11e7-9c2e-d850e6bdf14c,NULL,"2017-03-24 08:50:26","2017-03-24 08:50:26",98f95494-10a9-11e7-9c2e-d850e6bdf14c,0,NULL,STORE,2017-03-24,NULL
990c919e-10a9-11e7-9c2e-d850e6bdf14c,NULL,"2017-03-24 08:50:26","2017-03-24 08:50:26",9905d9bc-10a9-11e7-9c2e-d850e6bdf14c,0,NULL,STORE,2017-03-24,NULL
99193e08-10a9-11e7-9c2e-d850e6bdf14c,NULL,"2017-03-24 08:50:26","2017-03-24 08:50:26",99132298-10a9-11e7-9c2e-d850e6bdf14c,25,NULL,STORE,2017-03-24,NULL
9925a8c8-10a9-11e7-9c2e-d850e6bdf14c,NULL,"2017-03-24 08:50:26","2017-03-24 08:50:26",991fdb78-10a9-11e7-9c2e-d850e6bdf14c,30,NULL,STORE,2017-03-24,NULL
9934f58a-10a9-11e7-9c2e-d850e6bdf14c,NULL,"2017-03-24 08:50:26","2017-03-24 08:50:26",992cb6b8-10a9-11e7-9c2e-d850e6bdf14c,32,NULL,STORE,2017-03-24,NULL
9941a91a-10a9-11e7-9c2e-d850e6bdf14c,NULL,"2017-03-24 08:50:26","2017-03-24 08:50:26",993b9d36-10a9-11e7-9c2e-d850e6bdf14c,32,NULL,STORE,2017-03-24,NULL
99511a94-10a9-11e7-9c2e-d850e6bdf14c,NULL,"2017-03-24 08:50:26","2017-03-24 08:50:26",9948673c-10a9-11e7-9c2e-d850e6bdf14c,24,NULL,STORE,2017-03-24,NULL
995e6da2-10a9-11e7-9c2e-d850e6bdf14c,NULL,"2017-03-24 08:50:26","2017-03-24 08:50:26",995796b2-10a9-11e7-9c2e-d850e6bdf14c,30,NULL,STORE,2017-03-24,NULL
996b0bf2-10a9-11e7-9c2e-d850e6bdf14c,NULL,"2017-03-24 08:50:26","2017-03-24 08:50:26",9964ddc2-10a9-11e7-9c2e-d850e6bdf14c,30,NULL,STORE,2017-03-24,NULL
9977c93c-10a9-11e7-9c2e-d850e6bdf14c,NULL,"2017-03-24 08:50:26","2017-03-24 08:50:26",9971a142-10a9-11e7-9c2e-d850e6bdf14c,0,NULL,STORE,2017-03-24,NULL
998524a6-10a9-11e7-9c2e-d850e6bdf14c,NULL,"2017-03-24 08:50:26","2017-03-24 08:50:26",997e58f6-10a9-11e7-9c2e-d850e6bdf14c,200,NULL,STORE,2017-03-24,NULL
999754e6-10a9-11e7-9c2e-d850e6bdf14c,NULL,"2017-03-24 08:50:27","2017-03-24 08:50:27",998f7168-10a9-11e7-9c2e-d850e6bdf14c,100,NULL,STORE,2017-03-24,NULL
99a3f00c-10a9-11e7-9c2e-d850e6bdf14c,NULL,"2017-03-24 08:50:27","2017-03-24 08:50:27",999e15d8-10a9-11e7-9c2e-d850e6bdf14c,150,NULL,STORE,2017-03-24,NULL
99b0b40e-10a9-11e7-9c2e-d850e6bdf14c,NULL,"2017-03-24 08:50:27","2017-03-24 08:50:27",99aaced6-10a9-11e7-9c2e-d850e6bdf14c,100,NULL,STORE,2017-03-24,NULL
99bd57e0-10a9-11e7-9c2e-d850e6bdf14c,NULL,"2017-03-24 08:50:27","2017-03-24 08:50:27",99b78f0e-10a9-11e7-9c2e-d850e6bdf14c,136,NULL,STORE,2017-03-24,NULL
99cb9dc8-10a9-11e7-9c2e-d850e6bdf14c,NULL,"2017-03-24 08:50:27","2017-03-24 08:50:27",99c4bbc0-10a9-11e7-9c2e-d850e6bdf14c,64,NULL,STORE,2017-03-24,NULL
99dad87e-10a9-11e7-9c2e-d850e6bdf14c,NULL,"2017-03-24 08:50:27","2017-03-24 08:50:27",99d4a0da-10a9-11e7-9c2e-d850e6bdf14c,0,NULL,STORE,2017-03-24,NULL
99e7509a-10a9-11e7-9c2e-d850e6bdf14c,NULL,"2017-03-24 08:50:27","2017-03-24 08:50:27",99e1439e-10a9-11e7-9c2e-d850e6bdf14c,4,NULL,STORE,2017-03-24,NULL
99f3b0b0-10a9-11e7-9c2e-d850e6bdf14c,NULL,"2017-03-24 08:50:27","2017-03-24 08:50:27",99ede16c-10a9-11e7-9c2e-d850e6bdf14c,2240,NULL,STORE,2017-03-24,NULL
99ffe380-10a9-11e7-9c2e-d850e6bdf14c,NULL,"2017-03-24 08:50:27","2017-03-24 08:50:27",99fa99ac-10a9-11e7-9c2e-d850e6bdf14c,4,NULL,STORE,2017-03-24,NULL
9a11eba2-10a9-11e7-9c2e-d850e6bdf14c,NULL,"2017-03-24 08:50:27","2017-03-24 08:50:27",9a080934-10a9-11e7-9c2e-d850e6bdf14c,4,NULL,STORE,2017-03-24,NULL
9a1e471c-10a9-11e7-9c2e-d850e6bdf14c,NULL,"2017-03-24 08:50:27","2017-03-24 08:50:27",9a188b2e-10a9-11e7-9c2e-d850e6bdf14c,50,NULL,STORE,2017-03-24,NULL
9a2af9a8-10a9-11e7-9c2e-d850e6bdf14c,NULL,"2017-03-24 08:50:28","2017-03-24 08:50:28",9a253392-10a9-11e7-9c2e-d850e6bdf14c,25,NULL,STORE,2017-03-24,NULL
9a3a7734-10a9-11e7-9c2e-d850e6bdf14c,NULL,"2017-03-24 08:50:28","2017-03-24 08:50:28",9a320a72-10a9-11e7-9c2e-d850e6bdf14c,9,NULL,STORE,2017-03-24,NULL
9a4760e8-10a9-11e7-9c2e-d850e6bdf14c,NULL,"2017-03-24 08:50:28","2017-03-24 08:50:28",9a413858-10a9-11e7-9c2e-d850e6bdf14c,2440,NULL,STORE,2017-03-24,NULL
9a53f0c4-10a9-11e7-9c2e-d850e6bdf14c,NULL,"2017-03-24 08:50:28","2017-03-24 08:50:28",9a4de238-10a9-11e7-9c2e-d850e6bdf14c,0,NULL,STORE,2017-03-24,NULL
9a6219c4-10a9-11e7-9c2e-d850e6bdf14c,NULL,"2017-03-24 08:50:28","2017-03-24 08:50:28",9a5b0e4a-10a9-11e7-9c2e-d850e6bdf14c,400,NULL,STORE,2017-03-24,NULL
9a6e6b0c-10a9-11e7-9c2e-d850e6bdf14c,NULL,"2017-03-24 08:50:28","2017-03-24 08:50:28",9a689e52-10a9-11e7-9c2e-d850e6bdf14c,0,NULL,STORE,2017-03-24,NULL
9a7b2478-10a9-11e7-9c2e-d850e6bdf14c,NULL,"2017-03-24 08:50:28","2017-03-24 08:50:28",9a75570a-10a9-11e7-9c2e-d850e6bdf14c,80,NULL,STORE,2017-03-24,NULL
9a8bccce-10a9-11e7-9c2e-d850e6bdf14c,NULL,"2017-03-24 08:50:28","2017-03-24 08:50:28",9a833cbc-10a9-11e7-9c2e-d850e6bdf14c,0,NULL,STORE,2017-03-24,NULL
9a9ac01c-10a9-11e7-9c2e-d850e6bdf14c,NULL,"2017-03-24 08:50:28","2017-03-24 08:50:28",9a93b628-10a9-11e7-9c2e-d850e6bdf14c,0,NULL,STORE,2017-03-24,NULL
9aab0ef4-10a9-11e7-9c2e-d850e6bdf14c,NULL,"2017-03-24 08:50:28","2017-03-24 08:50:28",9aa289a0-10a9-11e7-9c2e-d850e6bdf14c,50,NULL,STORE,2017-03-24,NULL
9ab8af8c-10a9-11e7-9c2e-d850e6bdf14c,NULL,"2017-03-24 08:50:28","2017-03-24 08:50:28",9ab2d896-10a9-11e7-9c2e-d850e6bdf14c,50,NULL,STORE,2017-03-24,NULL
9ac55a3e-10a9-11e7-9c2e-d850e6bdf14c,NULL,"2017-03-24 08:50:29","2017-03-24 08:50:29",9abf653e-10a9-11e7-9c2e-d850e6bdf14c,0,NULL,STORE,2017-03-24,NULL
9ad363ae-10a9-11e7-9c2e-d850e6bdf14c,NULL,"2017-03-24 08:50:29","2017-03-24 08:50:29",9acd4d3e-10a9-11e7-9c2e-d850e6bdf14c,100,NULL,STORE,2017-03-24,NULL
9ae01c2a-10a9-11e7-9c2e-d850e6bdf14c,NULL,"2017-03-24 08:50:29","2017-03-24 08:50:29",9ada1eba-10a9-11e7-9c2e-d850e6bdf14c,0,NULL,STORE,2017-03-24,NULL
9aecb21e-10a9-11e7-9c2e-d850e6bdf14c,NULL,"2017-03-24 08:50:29","2017-03-24 08:50:29",9ae6cc50-10a9-11e7-9c2e-d850e6bdf14c,48,NULL,STORE,2017-03-24,NULL
9af944f2-10a9-11e7-9c2e-d850e6bdf14c,NULL,"2017-03-24 08:50:29","2017-03-24 08:50:29",9af38e36-10a9-11e7-9c2e-d850e6bdf14c,1177,NULL,STORE,2017-03-24,NULL
9b0831e2-10a9-11e7-9c2e-d850e6bdf14c,NULL,"2017-03-24 08:50:29","2017-03-24 08:50:29",9b00cb1e-10a9-11e7-9c2e-d850e6bdf14c,1190,NULL,STORE,2017-03-24,NULL
9b18b86e-10a9-11e7-9c2e-d850e6bdf14c,NULL,"2017-03-24 08:50:29","2017-03-24 08:50:29",9b1178ce-10a9-11e7-9c2e-d850e6bdf14c,1190,NULL,STORE,2017-03-24,NULL
9b274c1c-10a9-11e7-9c2e-d850e6bdf14c,NULL,"2017-03-24 08:50:29","2017-03-24 08:50:29",9b215190-10a9-11e7-9c2e-d850e6bdf14c,1143,NULL,STORE,2017-03-24,NULL
9b344c28-10a9-11e7-9c2e-d850e6bdf14c,NULL,"2017-03-24 08:50:29","2017-03-24 08:50:29",9b2de2e8-10a9-11e7-9c2e-d850e6bdf14c,1145,NULL,STORE,2017-03-24,NULL
9b416138-10a9-11e7-9c2e-d850e6bdf14c,NULL,"2017-03-24 08:50:29","2017-03-24 08:50:29",9b3b3fba-10a9-11e7-9c2e-d850e6bdf14c,0,NULL,STORE,2017-03-24,NULL
9b4ddf80-10a9-11e7-9c2e-d850e6bdf14c,NULL,"2017-03-24 08:50:29","2017-03-24 08:50:29",9b47f138-10a9-11e7-9c2e-d850e6bdf14c,0,NULL,STORE,2017-03-24,NULL
9b5a7420-10a9-11e7-9c2e-d850e6bdf14c,NULL,"2017-03-24 08:50:30","2017-03-24 08:50:30",9b547c3c-10a9-11e7-9c2e-d850e6bdf14c,35,NULL,STORE,2017-03-24,NULL
9b66fac4-10a9-11e7-9c2e-d850e6bdf14c,NULL,"2017-03-24 08:50:30","2017-03-24 08:50:30",9b61340e-10a9-11e7-9c2e-d850e6bdf14c,10,NULL,STORE,2017-03-24,NULL
9b73da28-10a9-11e7-9c2e-d850e6bdf14c,NULL,"2017-03-24 08:50:30","2017-03-24 08:50:30",9b6de550-10a9-11e7-9c2e-d850e6bdf14c,49,NULL,STORE,2017-03-24,NULL
9b7c216a-10ea-11e7-82e3-d850e6bdf14c,NULL,"2017-03-24 16:35:47","2017-03-24 16:35:47",9fb9af5e-10a9-11e7-9c2e-d850e6bdf14c,2,0965,RETRIEVE,2017-03-24,"OUT BY MAUI"
9b808ee4-10a9-11e7-9c2e-d850e6bdf14c,NULL,"2017-03-24 08:50:30","2017-03-24 08:50:30",9b7a9e30-10a9-11e7-9c2e-d850e6bdf14c,0,NULL,STORE,2017-03-24,NULL
9b8d703c-10a9-11e7-9c2e-d850e6bdf14c,NULL,"2017-03-24 08:50:30","2017-03-24 08:50:30",9b8746da-10a9-11e7-9c2e-d850e6bdf14c,0,NULL,STORE,2017-03-24,NULL
9b99d8cc-10a9-11e7-9c2e-d850e6bdf14c,NULL,"2017-03-24 08:50:30","2017-03-24 08:50:30",9b93df94-10a9-11e7-9c2e-d850e6bdf14c,0,NULL,STORE,2017-03-24,NULL
9ba6837e-10a9-11e7-9c2e-d850e6bdf14c,NULL,"2017-03-24 08:50:30","2017-03-24 08:50:30",9ba0652a-10a9-11e7-9c2e-d850e6bdf14c,0,NULL,STORE,2017-03-24,NULL
9bb3356a-10a9-11e7-9c2e-d850e6bdf14c,NULL,"2017-03-24 08:50:30","2017-03-24 08:50:30",9bad34a8-10a9-11e7-9c2e-d850e6bdf14c,0,NULL,STORE,2017-03-24,NULL
9bc1dafc-10a9-11e7-9c2e-d850e6bdf14c,NULL,"2017-03-24 08:50:30","2017-03-24 08:50:30",9bbbbcd0-10a9-11e7-9c2e-d850e6bdf14c,50,NULL,STORE,2017-03-24,NULL
9bcef3cc-10a9-11e7-9c2e-d850e6bdf14c,NULL,"2017-03-24 08:50:30","2017-03-24 08:50:30",9bc8a31e-10a9-11e7-9c2e-d850e6bdf14c,0,NULL,STORE,2017-03-24,NULL
9be2476a-10a9-11e7-9c2e-d850e6bdf14c,NULL,"2017-03-24 08:50:30","2017-03-24 08:50:30",9bd9dbca-10a9-11e7-9c2e-d850e6bdf14c,15,NULL,STORE,2017-03-24,NULL
9beefa32-10a9-11e7-9c2e-d850e6bdf14c,NULL,"2017-03-24 08:50:30","2017-03-24 08:50:30",9be8d74c-10a9-11e7-9c2e-d850e6bdf14c,0,NULL,STORE,2017-03-24,NULL
9bfb8040-10a9-11e7-9c2e-d850e6bdf14c,NULL,"2017-03-24 08:50:31","2017-03-24 08:50:31",9bf581b8-10a9-11e7-9c2e-d850e6bdf14c,0,NULL,STORE,2017-03-24,NULL
9c086080-10a9-11e7-9c2e-d850e6bdf14c,NULL,"2017-03-24 08:50:31","2017-03-24 08:50:31",9c025532-10a9-11e7-9c2e-d850e6bdf14c,0,NULL,STORE,2017-03-24,NULL
9c14f674-10a9-11e7-9c2e-d850e6bdf14c,NULL,"2017-03-24 08:50:31","2017-03-24 08:50:31",9c0f0dfe-10a9-11e7-9c2e-d850e6bdf14c,0,NULL,STORE,2017-03-24,NULL
9c21a66c-10a9-11e7-9c2e-d850e6bdf14c,NULL,"2017-03-24 08:50:31","2017-03-24 08:50:31",9c1ba85c-10a9-11e7-9c2e-d850e6bdf14c,10,NULL,STORE,2017-03-24,NULL
9c312646-10a9-11e7-9c2e-d850e6bdf14c,NULL,"2017-03-24 08:50:31","2017-03-24 08:50:31",9c2a2a94-10a9-11e7-9c2e-d850e6bdf14c,150,NULL,STORE,2017-03-24,NULL
9c40a274-10a9-11e7-9c2e-d850e6bdf14c,NULL,"2017-03-24 08:50:31","2017-03-24 08:50:31",9c3990a6-10a9-11e7-9c2e-d850e6bdf14c,150,NULL,STORE,2017-03-24,NULL
9c4d7986-10a9-11e7-9c2e-d850e6bdf14c,NULL,"2017-03-24 08:50:31","2017-03-24 08:50:31",9c478ecc-10a9-11e7-9c2e-d850e6bdf14c,25,NULL,STORE,2017-03-24,NULL
9c59e324-10a9-11e7-9c2e-d850e6bdf14c,NULL,"2017-03-24 08:50:31","2017-03-24 08:50:31",9c543154-10a9-11e7-9c2e-d850e6bdf14c,200,NULL,STORE,2017-03-24,NULL
9c66abf4-10a9-11e7-9c2e-d850e6bdf14c,NULL,"2017-03-24 08:50:31","2017-03-24 08:50:31",9c60e548-10a9-11e7-9c2e-d850e6bdf14c,200,NULL,STORE,2017-03-24,NULL
9c758138-10a9-11e7-9c2e-d850e6bdf14c,NULL,"2017-03-24 08:50:31","2017-03-24 08:50:31",9c6dd7c6-10a9-11e7-9c2e-d850e6bdf14c,0,NULL,STORE,2017-03-24,NULL
9c84bb3a-10a9-11e7-9c2e-d850e6bdf14c,"2017-03-25 16:15:01","2017-03-24 08:50:31","2017-03-25 16:15:01",9c7ddf0e-10a9-11e7-9c2e-d850e6bdf14c,0,NULL,STORE,2017-03-24,NULL
9c91cd7a-10a9-11e7-9c2e-d850e6bdf14c,NULL,"2017-03-24 08:50:32","2017-03-24 08:50:32",9c8c0c28-10a9-11e7-9c2e-d850e6bdf14c,15,NULL,STORE,2017-03-24,NULL
9c9e5b26-10a9-11e7-9c2e-d850e6bdf14c,NULL,"2017-03-24 08:50:32","2017-03-24 08:50:32",9c98b7d4-10a9-11e7-9c2e-d850e6bdf14c,100,NULL,STORE,2017-03-24,NULL
9cab0cfe-10a9-11e7-9c2e-d850e6bdf14c,NULL,"2017-03-24 08:50:32","2017-03-24 08:50:32",9ca56aec-10a9-11e7-9c2e-d850e6bdf14c,0,NULL,STORE,2017-03-24,NULL
9cb93f72-10a9-11e7-9c2e-d850e6bdf14c,NULL,"2017-03-24 08:50:32","2017-03-24 08:50:32",9cb32498-10a9-11e7-9c2e-d850e6bdf14c,0,NULL,STORE,2017-03-24,NULL
9cc5ede4-10a9-11e7-9c2e-d850e6bdf14c,NULL,"2017-03-24 08:50:32","2017-03-24 08:50:32",9cbfdbc0-10a9-11e7-9c2e-d850e6bdf14c,60,NULL,STORE,2017-03-24,NULL
9cd26ef2-10a9-11e7-9c2e-d850e6bdf14c,NULL,"2017-03-24 08:50:32","2017-03-24 08:50:32",9ccc7cb8-10a9-11e7-9c2e-d850e6bdf14c,80,NULL,STORE,2017-03-24,NULL
9cdf421c-10a9-11e7-9c2e-d850e6bdf14c,NULL,"2017-03-24 08:50:32","2017-03-24 08:50:32",9cd92684-10a9-11e7-9c2e-d850e6bdf14c,50,NULL,STORE,2017-03-24,NULL
9cec6c3a-10a9-11e7-9c2e-d850e6bdf14c,NULL,"2017-03-24 08:50:32","2017-03-24 08:50:32",9ce5dc94-10a9-11e7-9c2e-d850e6bdf14c,50,NULL,STORE,2017-03-24,NULL
9cf9b61a-10a9-11e7-9c2e-d850e6bdf14c,NULL,"2017-03-24 08:50:32","2017-03-24 08:50:32",9cf40e90-10a9-11e7-9c2e-d850e6bdf14c,0,NULL,STORE,2017-03-24,NULL
9d08b944-10a9-11e7-9c2e-d850e6bdf14c,NULL,"2017-03-24 08:50:32","2017-03-24 08:50:32",9d023b1e-10a9-11e7-9c2e-d850e6bdf14c,0,NULL,STORE,2017-03-24,NULL
9d159466-10a9-11e7-9c2e-d850e6bdf14c,NULL,"2017-03-24 08:50:32","2017-03-24 08:50:32",9d0f7dd8-10a9-11e7-9c2e-d850e6bdf14c,30,NULL,STORE,2017-03-24,NULL
9d27ccf8-10a9-11e7-9c2e-d850e6bdf14c,NULL,"2017-03-24 08:50:33","2017-03-24 08:50:33",9d1f1658-10a9-11e7-9c2e-d850e6bdf14c,68,NULL,STORE,2017-03-24,NULL
9d3481dc-10a9-11e7-9c2e-d850e6bdf14c,NULL,"2017-03-24 08:50:33","2017-03-24 08:50:33",9d2e41d2-10a9-11e7-9c2e-d850e6bdf14c,100,NULL,STORE,2017-03-24,NULL
9d411258-10a9-11e7-9c2e-d850e6bdf14c,NULL,"2017-03-24 08:50:33","2017-03-24 08:50:33",9d3b357c-10a9-11e7-9c2e-d850e6bdf14c,30,NULL,STORE,2017-03-24,NULL
9d4e699e-10a9-11e7-9c2e-d850e6bdf14c,NULL,"2017-03-24 08:50:33","2017-03-24 08:50:33",9d4812ec-10a9-11e7-9c2e-d850e6bdf14c,15,NULL,STORE,2017-03-24,NULL
9d5c546e-10a9-11e7-9c2e-d850e6bdf14c,NULL,"2017-03-24 08:50:33","2017-03-24 08:50:33",9d565d66-10a9-11e7-9c2e-d850e6bdf14c,45,NULL,STORE,2017-03-24,NULL
9d68f76e-10a9-11e7-9c2e-d850e6bdf14c,NULL,"2017-03-24 08:50:33","2017-03-24 08:50:33",9d6322ee-10a9-11e7-9c2e-d850e6bdf14c,15,NULL,STORE,2017-03-24,NULL
9d7a9212-10a9-11e7-9c2e-d850e6bdf14c,NULL,"2017-03-24 08:50:33","2017-03-24 08:50:33",9d6ff01e-10a9-11e7-9c2e-d850e6bdf14c,20,NULL,STORE,2017-03-24,NULL
9d919f5c-10a9-11e7-9c2e-d850e6bdf14c,NULL,"2017-03-24 08:50:33","2017-03-24 08:50:33",9d8a14f8-10a9-11e7-9c2e-d850e6bdf14c,40,NULL,STORE,2017-03-24,NULL
9da1918c-10a9-11e7-9c2e-d850e6bdf14c,NULL,"2017-03-24 08:50:33","2017-03-24 08:50:33",9d9ab984-10a9-11e7-9c2e-d850e6bdf14c,12,NULL,STORE,2017-03-24,NULL
9dae2172-10a9-11e7-9c2e-d850e6bdf14c,NULL,"2017-03-24 08:50:33","2017-03-24 08:50:33",9da86e3a-10a9-11e7-9c2e-d850e6bdf14c,0,NULL,STORE,2017-03-24,NULL
9dbd3afe-10a9-11e7-9c2e-d850e6bdf14c,NULL,"2017-03-24 08:50:34","2017-03-24 08:50:34",9db527e2-10a9-11e7-9c2e-d850e6bdf14c,10,NULL,STORE,2017-03-24,NULL
9dcbe1d0-10a9-11e7-9c2e-d850e6bdf14c,NULL,"2017-03-24 08:50:34","2017-03-24 08:50:34",9dc5ea5a-10a9-11e7-9c2e-d850e6bdf14c,80,NULL,STORE,2017-03-24,NULL
9dd8be00-10a9-11e7-9c2e-d850e6bdf14c,NULL,"2017-03-24 08:50:34","2017-03-24 08:50:34",9dd2bb40-10a9-11e7-9c2e-d850e6bdf14c,200,NULL,STORE,2017-03-24,NULL
9dea58ae-10a9-11e7-9c2e-d850e6bdf14c,NULL,"2017-03-24 08:50:34","2017-03-24 08:50:34",9ddff846-10a9-11e7-9c2e-d850e6bdf14c,20,NULL,STORE,2017-03-24,NULL
9df81232-10a9-11e7-9c2e-d850e6bdf14c,NULL,"2017-03-24 08:50:34","2017-03-24 08:50:34",9df2499c-10a9-11e7-9c2e-d850e6bdf14c,83,NULL,STORE,2017-03-24,NULL
9e04ecbe-10a9-11e7-9c2e-d850e6bdf14c,NULL,"2017-03-24 08:50:34","2017-03-24 08:50:34",9dff0c04-10a9-11e7-9c2e-d850e6bdf14c,1000,NULL,STORE,2017-03-24,NULL
9e16865e-10a9-11e7-9c2e-d850e6bdf14c,NULL,"2017-03-24 08:50:34","2017-03-24 08:50:34",9e0ece82-10a9-11e7-9c2e-d850e6bdf14c,0,NULL,STORE,2017-03-24,NULL
9e31d74c-10a9-11e7-9c2e-d850e6bdf14c,NULL,"2017-03-24 08:50:34","2017-03-24 08:50:34",9e2918a0-10a9-11e7-9c2e-d850e6bdf14c,400,NULL,STORE,2017-03-24,NULL
9e43a58a-10a9-11e7-9c2e-d850e6bdf14c,NULL,"2017-03-24 08:50:34","2017-03-24 08:50:34",9e3b10b4-10a9-11e7-9c2e-d850e6bdf14c,100,NULL,STORE,2017-03-24,NULL
9e54d0d0-10a9-11e7-9c2e-d850e6bdf14c,NULL,"2017-03-24 08:50:34","2017-03-24 08:50:34",9e4d6d22-10a9-11e7-9c2e-d850e6bdf14c,100,NULL,STORE,2017-03-24,NULL
9e64dc3c-10a9-11e7-9c2e-d850e6bdf14c,NULL,"2017-03-24 08:50:35","2017-03-24 08:50:35",9e5d7dc0-10a9-11e7-9c2e-d850e6bdf14c,200,NULL,STORE,2017-03-24,NULL
9e7230f8-10a9-11e7-9c2e-d850e6bdf14c,NULL,"2017-03-24 08:50:35","2017-03-24 08:50:35",9e6c3fea-10a9-11e7-9c2e-d850e6bdf14c,24,NULL,STORE,2017-03-24,NULL
9e7f254c-10a9-11e7-9c2e-d850e6bdf14c,NULL,"2017-03-24 08:50:35","2017-03-24 08:50:35",9e790540-10a9-11e7-9c2e-d850e6bdf14c,0,NULL,STORE,2017-03-24,NULL
9e8bfd30-10a9-11e7-9c2e-d850e6bdf14c,NULL,"2017-03-24 08:50:35","2017-03-24 08:50:35",9e85e1ca-10a9-11e7-9c2e-d850e6bdf14c,100,NULL,STORE,2017-03-24,NULL
9e98c420-10a9-11e7-9c2e-d850e6bdf14c,NULL,"2017-03-24 08:50:35","2017-03-24 08:50:35",9e92c908-10a9-11e7-9c2e-d850e6bdf14c,100,NULL,STORE,2017-03-24,NULL
9ea69046-10a9-11e7-9c2e-d850e6bdf14c,NULL,"2017-03-24 08:50:35","2017-03-24 08:50:35",9e9f86ac-10a9-11e7-9c2e-d850e6bdf14c,0,NULL,STORE,2017-03-24,NULL
9eb7fe94-10a9-11e7-9c2e-d850e6bdf14c,NULL,"2017-03-24 08:50:35","2017-03-24 08:50:35",9eafa87a-10a9-11e7-9c2e-d850e6bdf14c,0,NULL,STORE,2017-03-24,NULL
9ec777f2-10a9-11e7-9c2e-d850e6bdf14c,NULL,"2017-03-24 08:50:35","2017-03-24 08:50:35",9ec01200-10a9-11e7-9c2e-d850e6bdf14c,60,NULL,STORE,2017-03-24,NULL
9ed6c0d6-10a9-11e7-9c2e-d850e6bdf14c,NULL,"2017-03-24 08:50:35","2017-03-24 08:50:35",9ed00cd2-10a9-11e7-9c2e-d850e6bdf14c,60,NULL,STORE,2017-03-24,NULL
9ee62e54-10a9-11e7-9c2e-d850e6bdf14c,NULL,"2017-03-24 08:50:35","2017-03-24 08:50:35",9ede628c-10a9-11e7-9c2e-d850e6bdf14c,0,NULL,STORE,2017-03-24,NULL
9ef767e6-10a9-11e7-9c2e-d850e6bdf14c,NULL,"2017-03-24 08:50:36","2017-03-24 08:50:36",9eefbc76-10a9-11e7-9c2e-d850e6bdf14c,0,NULL,STORE,2017-03-24,NULL
9f060c10-10a9-11e7-9c2e-d850e6bdf14c,NULL,"2017-03-24 08:50:36","2017-03-24 08:50:36",9effdf98-10a9-11e7-9c2e-d850e6bdf14c,100,NULL,STORE,2017-03-24,NULL
9f20ceba-10a9-11e7-9c2e-d850e6bdf14c,NULL,"2017-03-24 08:50:36","2017-03-24 08:50:36",9f0d2f04-10a9-11e7-9c2e-d850e6bdf14c,100,NULL,STORE,2017-03-24,NULL
9f2f07f0-10a9-11e7-9c2e-d850e6bdf14c,NULL,"2017-03-24 08:50:36","2017-03-24 08:50:36",9f28e44c-10a9-11e7-9c2e-d850e6bdf14c,150,NULL,STORE,2017-03-24,NULL
9f3ee6de-10a9-11e7-9c2e-d850e6bdf14c,NULL,"2017-03-24 08:50:36","2017-03-24 08:50:36",9f381368-10a9-11e7-9c2e-d850e6bdf14c,0,NULL,STORE,2017-03-24,NULL
9f4d1f92-10a9-11e7-9c2e-d850e6bdf14c,NULL,"2017-03-24 08:50:36","2017-03-24 08:50:36",9f4642c6-10a9-11e7-9c2e-d850e6bdf14c,150,NULL,STORE,2017-03-24,NULL
9f5a9a8c-10a9-11e7-9c2e-d850e6bdf14c,NULL,"2017-03-24 08:50:36","2017-03-24 08:50:36",9f547f08-10a9-11e7-9c2e-d850e6bdf14c,0,NULL,STORE,2017-03-24,NULL
9f675e20-10a9-11e7-9c2e-d850e6bdf14c,NULL,"2017-03-24 08:50:36","2017-03-24 08:50:36",9f6144d6-10a9-11e7-9c2e-d850e6bdf14c,4944,NULL,STORE,2017-03-24,NULL
9f742e84-10a9-11e7-9c2e-d850e6bdf14c,NULL,"2017-03-24 08:50:36","2017-03-24 08:50:36",9f6e2c5a-10a9-11e7-9c2e-d850e6bdf14c,0,NULL,STORE,2017-03-24,NULL
9f811266-10a9-11e7-9c2e-d850e6bdf14c,NULL,"2017-03-24 08:50:36","2017-03-24 08:50:36",9f7ae67a-10a9-11e7-9c2e-d850e6bdf14c,104,NULL,STORE,2017-03-24,NULL
9f9354f8-10a9-11e7-9c2e-d850e6bdf14c,NULL,"2017-03-24 08:50:37","2017-03-24 08:50:37",9f8d355a-10a9-11e7-9c2e-d850e6bdf14c,0,NULL,STORE,2017-03-24,NULL
9fa02a20-10a9-11e7-9c2e-d850e6bdf14c,NULL,"2017-03-24 08:50:37","2017-03-24 08:50:37",9f9a26f2-10a9-11e7-9c2e-d850e6bdf14c,0,NULL,STORE,2017-03-24,NULL
9fb08e74-10a9-11e7-9c2e-d850e6bdf14c,NULL,"2017-03-24 08:50:37","2017-03-24 08:50:37",9fa8c52c-10a9-11e7-9c2e-d850e6bdf14c,0,NULL,STORE,2017-03-24,NULL
9fc16000-10a9-11e7-9c2e-d850e6bdf14c,NULL,"2017-03-24 08:50:37","2017-03-24 08:50:37",9fb9af5e-10a9-11e7-9c2e-d850e6bdf14c,79,NULL,STORE,2017-03-24,NULL
9fd2188c-10a9-11e7-9c2e-d850e6bdf14c,NULL,"2017-03-24 08:50:37","2017-03-24 08:50:37",9fca07fa-10a9-11e7-9c2e-d850e6bdf14c,0,NULL,STORE,2017-03-24,NULL
9fe72128-10a9-11e7-9c2e-d850e6bdf14c,NULL,"2017-03-24 08:50:37","2017-03-24 08:50:37",9fddb908-10a9-11e7-9c2e-d850e6bdf14c,157,NULL,STORE,2017-03-24,NULL
9ff3d8be-10a9-11e7-9c2e-d850e6bdf14c,NULL,"2017-03-24 08:50:37","2017-03-24 08:50:37",9fedbfe2-10a9-11e7-9c2e-d850e6bdf14c,0,NULL,STORE,2017-03-24,NULL
a000ba2a-10a9-11e7-9c2e-d850e6bdf14c,NULL,"2017-03-24 08:50:37","2017-03-24 08:50:37",9ffab7b0-10a9-11e7-9c2e-d850e6bdf14c,0,NULL,STORE,2017-03-24,NULL
a0094cf2-10e1-11e7-82e3-d850e6bdf14c,NULL,"2017-03-24 15:31:29","2017-03-24 15:31:29",a0585eec-10a9-11e7-9c2e-d850e6bdf14c,30,0964,RETRIEVE,2017-03-24,"OUT BY LOUIE"
a00d3b74-10a9-11e7-9c2e-d850e6bdf14c,NULL,"2017-03-24 08:50:37","2017-03-24 08:50:37",a0074c8c-10a9-11e7-9c2e-d850e6bdf14c,24,NULL,STORE,2017-03-24,NULL
a01a3d4c-10a9-11e7-9c2e-d850e6bdf14c,NULL,"2017-03-24 08:50:37","2017-03-24 08:50:37",a01437f8-10a9-11e7-9c2e-d850e6bdf14c,10,NULL,STORE,2017-03-24,NULL
a0272ff2-10a9-11e7-9c2e-d850e6bdf14c,NULL,"2017-03-24 08:50:38","2017-03-24 08:50:38",a02111bc-10a9-11e7-9c2e-d850e6bdf14c,0,NULL,STORE,2017-03-24,NULL
a035418c-10a9-11e7-9c2e-d850e6bdf14c,"2017-03-24 16:27:49","2017-03-24 08:50:38","2017-03-24 16:27:49",a02df062-10a9-11e7-9c2e-d850e6bdf14c,0,NULL,STORE,2017-03-24,NULL
a041f526-10a9-11e7-9c2e-d850e6bdf14c,"2017-03-24 16:28:21","2017-03-24 08:50:38","2017-03-24 16:28:21",a03c1da4-10a9-11e7-9c2e-d850e6bdf14c,0,NULL,STORE,2017-03-24,NULL
a0515ad4-10a9-11e7-9c2e-d850e6bdf14c,NULL,"2017-03-24 08:50:38","2017-03-24 08:50:38",a049139c-10a9-11e7-9c2e-d850e6bdf14c,0,NULL,STORE,2017-03-24,NULL
a05e4afa-10a9-11e7-9c2e-d850e6bdf14c,NULL,"2017-03-24 08:50:38","2017-03-24 08:50:38",a0585eec-10a9-11e7-9c2e-d850e6bdf14c,37,NULL,STORE,2017-03-24,NULL
a06b3332-10a9-11e7-9c2e-d850e6bdf14c,"2017-03-24 16:56:25","2017-03-24 08:50:38","2017-03-24 16:56:25",a0653f18-10a9-11e7-9c2e-d850e6bdf14c,0,NULL,STORE,2017-03-24,NULL
a0780850-10a9-11e7-9c2e-d850e6bdf14c,"2017-03-24 16:13:45","2017-03-24 08:50:38","2017-03-24 16:13:45",a0721f80-10a9-11e7-9c2e-d850e6bdf14c,0,NULL,STORE,2017-03-24,NULL
a085a8ca-10a9-11e7-9c2e-d850e6bdf14c,"2017-03-24 16:19:44","2017-03-24 08:50:38","2017-03-24 16:19:44",a07ef958-10a9-11e7-9c2e-d850e6bdf14c,0,NULL,STORE,2017-03-24,NULL
a093200e-10a9-11e7-9c2e-d850e6bdf14c,"2017-03-24 16:20:08","2017-03-24 08:50:38","2017-03-24 16:20:08",a08d2258-10a9-11e7-9c2e-d850e6bdf14c,0,NULL,STORE,2017-03-24,NULL
a0a20d30-10a9-11e7-9c2e-d850e6bdf14c,NULL,"2017-03-24 08:50:38","2017-03-24 08:50:38",a09bf18e-10a9-11e7-9c2e-d850e6bdf14c,94,NULL,STORE,2017-03-24,NULL
a0aec89a-10a9-11e7-9c2e-d850e6bdf14c,"2017-03-24 16:16:18","2017-03-24 08:50:38","2017-03-24 16:16:18",a0a896c8-10a9-11e7-9c2e-d850e6bdf14c,0,NULL,STORE,2017-03-24,NULL
a0bd897a-10a9-11e7-9c2e-d850e6bdf14c,"2017-03-24 16:15:31","2017-03-24 08:50:39","2017-03-24 16:15:31",a0b6e200-10a9-11e7-9c2e-d850e6bdf14c,0,NULL,STORE,2017-03-24,NULL
a0cb3a66-10a9-11e7-9c2e-d850e6bdf14c,"2017-03-24 16:19:09","2017-03-24 08:50:39","2017-03-24 16:19:09",a0c575ea-10a9-11e7-9c2e-d850e6bdf14c,0,NULL,STORE,2017-03-24,NULL
a0da131a-10a9-11e7-9c2e-d850e6bdf14c,NULL,"2017-03-24 08:50:39","2017-03-24 08:50:39",a0d1ce6c-10a9-11e7-9c2e-d850e6bdf14c,0,NULL,STORE,2017-03-24,NULL
a0eaae6e-10a9-11e7-9c2e-d850e6bdf14c,NULL,"2017-03-24 08:50:39","2017-03-24 08:50:39",a0e335bc-10a9-11e7-9c2e-d850e6bdf14c,0,NULL,STORE,2017-03-24,NULL
a0fa7e66-10a9-11e7-9c2e-d850e6bdf14c,NULL,"2017-03-24 08:50:39","2017-03-24 08:50:39",a0f3a014-10a9-11e7-9c2e-d850e6bdf14c,0,NULL,STORE,2017-03-24,NULL
a10afc14-10a9-11e7-9c2e-d850e6bdf14c,NULL,"2017-03-24 08:50:39","2017-03-24 08:50:39",a102e448-10a9-11e7-9c2e-d850e6bdf14c,33,NULL,STORE,2017-03-24,NULL
a11c0720-10a9-11e7-9c2e-d850e6bdf14c,NULL,"2017-03-24 08:50:39","2017-03-24 08:50:39",a1143d92-10a9-11e7-9c2e-d850e6bdf14c,30,NULL,STORE,2017-03-24,NULL
a13a536a-10a9-11e7-9c2e-d850e6bdf14c,NULL,"2017-03-24 08:50:39","2017-03-24 08:50:39",a125ccba-10a9-11e7-9c2e-d850e6bdf14c,38,NULL,STORE,2017-03-24,NULL
a14d45d8-10a9-11e7-9c2e-d850e6bdf14c,NULL,"2017-03-24 08:50:39","2017-03-24 08:50:39",a1455f12-10a9-11e7-9c2e-d850e6bdf14c,42,NULL,STORE,2017-03-24,NULL
a15cf7da-10a9-11e7-9c2e-d850e6bdf14c,NULL,"2017-03-24 08:50:40","2017-03-24 08:50:40",a156bd70-10a9-11e7-9c2e-d850e6bdf14c,10,NULL,STORE,2017-03-24,NULL
a169d9b4-10a9-11e7-9c2e-d850e6bdf14c,NULL,"2017-03-24 08:50:40","2017-03-24 08:50:40",a163ea72-10a9-11e7-9c2e-d850e6bdf14c,10,NULL,STORE,2017-03-24,NULL
a177f256-10a9-11e7-9c2e-d850e6bdf14c,NULL,"2017-03-24 08:50:40","2017-03-24 08:50:40",a170b86a-10a9-11e7-9c2e-d850e6bdf14c,150,NULL,STORE,2017-03-24,NULL
a188adc6-10a9-11e7-9c2e-d850e6bdf14c,NULL,"2017-03-24 08:50:40","2017-03-24 08:50:40",a181aa62-10a9-11e7-9c2e-d850e6bdf14c,0,NULL,STORE,2017-03-24,NULL
a197dd28-10a9-11e7-9c2e-d850e6bdf14c,NULL,"2017-03-24 08:50:40","2017-03-24 08:50:40",a1920f92-10a9-11e7-9c2e-d850e6bdf14c,0,NULL,STORE,2017-03-24,NULL
a1a4ead6-10a9-11e7-9c2e-d850e6bdf14c,NULL,"2017-03-24 08:50:40","2017-03-24 08:50:40",a19ef3ce-10a9-11e7-9c2e-d850e6bdf14c,150,NULL,STORE,2017-03-24,NULL
a1b3c790-10a9-11e7-9c2e-d850e6bdf14c,NULL,"2017-03-24 08:50:40","2017-03-24 08:50:40",a1ac7f6c-10a9-11e7-9c2e-d850e6bdf14c,100,NULL,STORE,2017-03-24,NULL
a1c500d2-10a9-11e7-9c2e-d850e6bdf14c,NULL,"2017-03-24 08:50:40","2017-03-24 08:50:40",a1bb222e-10a9-11e7-9c2e-d850e6bdf14c,400,NULL,STORE,2017-03-24,NULL
a1d1e7fc-10a9-11e7-9c2e-d850e6bdf14c,NULL,"2017-03-24 08:50:40","2017-03-24 08:50:40",a1cbcbec-10a9-11e7-9c2e-d850e6bdf14c,200,NULL,STORE,2017-03-24,NULL
a1deae42-10a9-11e7-9c2e-d850e6bdf14c,NULL,"2017-03-24 08:50:40","2017-03-24 08:50:40",a1d89192-10a9-11e7-9c2e-d850e6bdf14c,50,NULL,STORE,2017-03-24,NULL
a1ebca50-10a9-11e7-9c2e-d850e6bdf14c,NULL,"2017-03-24 08:50:41","2017-03-24 08:50:41",a1e55ac6-10a9-11e7-9c2e-d850e6bdf14c,200,NULL,STORE,2017-03-24,NULL
a1f84b54-10a9-11e7-9c2e-d850e6bdf14c,NULL,"2017-03-24 08:50:41","2017-03-24 08:50:41",a1f25b22-10a9-11e7-9c2e-d850e6bdf14c,85,NULL,STORE,2017-03-24,NULL
a2054994-10a9-11e7-9c2e-d850e6bdf14c,NULL,"2017-03-24 08:50:41","2017-03-24 08:50:41",a1ff2cbc-10a9-11e7-9c2e-d850e6bdf14c,0,NULL,STORE,2017-03-24,NULL
a21383b0-10a9-11e7-9c2e-d850e6bdf14c,NULL,"2017-03-24 08:50:41","2017-03-24 08:50:41",a20c0036-10a9-11e7-9c2e-d850e6bdf14c,0,NULL,STORE,2017-03-24,NULL
a2221024-10a9-11e7-9c2e-d850e6bdf14c,NULL,"2017-03-24 08:50:41","2017-03-24 08:50:41",a21ce310-10a9-11e7-9c2e-d850e6bdf14c,800,NULL,STORE,2017-03-24,NULL
a22f087e-10a9-11e7-9c2e-d850e6bdf14c,NULL,"2017-03-24 08:50:41","2017-03-24 08:50:41",a229122a-10a9-11e7-9c2e-d850e6bdf14c,600,NULL,STORE,2017-03-24,NULL
a23c9dea-10a9-11e7-9c2e-d850e6bdf14c,NULL,"2017-03-24 08:50:41","2017-03-24 08:50:41",a23603d6-10a9-11e7-9c2e-d850e6bdf14c,500,NULL,STORE,2017-03-24,NULL
a24a1ef2-10a9-11e7-9c2e-d850e6bdf14c,NULL,"2017-03-24 08:50:41","2017-03-24 08:50:41",a2444a2c-10a9-11e7-9c2e-d850e6bdf14c,500,NULL,STORE,2017-03-24,NULL
a25c1e72-10a9-11e7-9c2e-d850e6bdf14c,NULL,"2017-03-24 08:50:41","2017-03-24 08:50:41",a2530a4e-10a9-11e7-9c2e-d850e6bdf14c,250,NULL,STORE,2017-03-24,NULL
a26f08d4-10a9-11e7-9c2e-d850e6bdf14c,NULL,"2017-03-24 08:50:41","2017-03-24 08:50:41",a267ad50-10a9-11e7-9c2e-d850e6bdf14c,50,NULL,STORE,2017-03-24,NULL
a27c3036-10a9-11e7-9c2e-d850e6bdf14c,NULL,"2017-03-24 08:50:41","2017-03-24 08:50:41",a2762f1a-10a9-11e7-9c2e-d850e6bdf14c,400,NULL,STORE,2017-03-24,NULL
a288f442-10a9-11e7-9c2e-d850e6bdf14c,NULL,"2017-03-24 08:50:42","2017-03-24 08:50:42",a282d0f8-10a9-11e7-9c2e-d850e6bdf14c,700,NULL,STORE,2017-03-24,NULL
a2957e92-10a9-11e7-9c2e-d850e6bdf14c,NULL,"2017-03-24 08:50:42","2017-03-24 08:50:42",a28f6d4a-10a9-11e7-9c2e-d850e6bdf14c,0,NULL,STORE,2017-03-24,NULL
a2a216de-10a9-11e7-9c2e-d850e6bdf14c,NULL,"2017-03-24 08:50:42","2017-03-24 08:50:42",a29c2134-10a9-11e7-9c2e-d850e6bdf14c,400,NULL,STORE,2017-03-24,NULL
a2aeb25e-10a9-11e7-9c2e-d850e6bdf14c,NULL,"2017-03-24 08:50:42","2017-03-24 08:50:42",a2a8d83e-10a9-11e7-9c2e-d850e6bdf14c,48,NULL,STORE,2017-03-24,NULL
a2bb7d04-10a9-11e7-9c2e-d850e6bdf14c,NULL,"2017-03-24 08:50:42","2017-03-24 08:50:42",a2b591c8-10a9-11e7-9c2e-d850e6bdf14c,100,NULL,STORE,2017-03-24,NULL
a2c83198-10a9-11e7-9c2e-d850e6bdf14c,NULL,"2017-03-24 08:50:42","2017-03-24 08:50:42",a2c2783e-10a9-11e7-9c2e-d850e6bdf14c,400,NULL,STORE,2017-03-24,NULL
a2d4cd7c-10a9-11e7-9c2e-d850e6bdf14c,NULL,"2017-03-24 08:50:42","2017-03-24 08:50:42",a2ced6d8-10a9-11e7-9c2e-d850e6bdf14c,480,NULL,STORE,2017-03-24,NULL
a2e180a8-10a9-11e7-9c2e-d850e6bdf14c,NULL,"2017-03-24 08:50:42","2017-03-24 08:50:42",a2db8a7c-10a9-11e7-9c2e-d850e6bdf14c,150,NULL,STORE,2017-03-24,NULL
a2ee5814-10a9-11e7-9c2e-d850e6bdf14c,NULL,"2017-03-24 08:50:42","2017-03-24 08:50:42",a2e84cc6-10a9-11e7-9c2e-d850e6bdf14c,217,NULL,STORE,2017-03-24,NULL
a2fb1d88-10a9-11e7-9c2e-d850e6bdf14c,NULL,"2017-03-24 08:50:42","2017-03-24 08:50:42",a2f4e8f0-10a9-11e7-9c2e-d850e6bdf14c,0,NULL,STORE,2017-03-24,NULL
a3086650-10a9-11e7-9c2e-d850e6bdf14c,NULL,"2017-03-24 08:50:42","2017-03-24 08:50:42",a30271c8-10a9-11e7-9c2e-d850e6bdf14c,0,NULL,STORE,2017-03-24,NULL
a314de9e-10a9-11e7-9c2e-d850e6bdf14c,NULL,"2017-03-24 08:50:42","2017-03-24 08:50:42",a30eed36-10a9-11e7-9c2e-d850e6bdf14c,2200,NULL,STORE,2017-03-24,NULL
a321904e-10a9-11e7-9c2e-d850e6bdf14c,NULL,"2017-03-24 08:50:43","2017-03-24 08:50:43",a31bac9c-10a9-11e7-9c2e-d850e6bdf14c,1100,NULL,STORE,2017-03-24,NULL
a330aa0c-10a9-11e7-9c2e-d850e6bdf14c,NULL,"2017-03-24 08:50:43","2017-03-24 08:50:43",a32b00b6-10a9-11e7-9c2e-d850e6bdf14c,550,NULL,STORE,2017-03-24,NULL
a33dc3cc-10a9-11e7-9c2e-d850e6bdf14c,NULL,"2017-03-24 08:50:43","2017-03-24 08:50:43",a3379bfa-10a9-11e7-9c2e-d850e6bdf14c,9,NULL,STORE,2017-03-24,NULL
a34bfed8-10a9-11e7-9c2e-d850e6bdf14c,NULL,"2017-03-24 08:50:43","2017-03-24 08:50:43",a345a5a6-10a9-11e7-9c2e-d850e6bdf14c,8,NULL,STORE,2017-03-24,NULL
a35a1e50-10a9-11e7-9c2e-d850e6bdf14c,NULL,"2017-03-24 08:50:43","2017-03-24 08:50:43",a3537c1c-10a9-11e7-9c2e-d850e6bdf14c,5,NULL,STORE,2017-03-24,NULL
a36a30ce-10a9-11e7-9c2e-d850e6bdf14c,NULL,"2017-03-24 08:50:43","2017-03-24 08:50:43",a36353b2-10a9-11e7-9c2e-d850e6bdf14c,1,NULL,STORE,2017-03-24,NULL
a37878dc-10a9-11e7-9c2e-d850e6bdf14c,NULL,"2017-03-24 08:50:43","2017-03-24 08:50:43",a3728c92-10a9-11e7-9c2e-d850e6bdf14c,1,NULL,STORE,2017-03-24,NULL
a3851628-10a9-11e7-9c2e-d850e6bdf14c,NULL,"2017-03-24 08:50:43","2017-03-24 08:50:43",a37f2e0c-10a9-11e7-9c2e-d850e6bdf14c,4,NULL,STORE,2017-03-24,NULL
a392cdea-10a9-11e7-9c2e-d850e6bdf14c,NULL,"2017-03-24 08:50:43","2017-03-24 08:50:43",a38bdefe-10a9-11e7-9c2e-d850e6bdf14c,9,NULL,STORE,2017-03-24,NULL
a3a32d98-10a9-11e7-9c2e-d850e6bdf14c,NULL,"2017-03-24 08:50:43","2017-03-24 08:50:43",a39c4df2-10a9-11e7-9c2e-d850e6bdf14c,6,NULL,STORE,2017-03-24,NULL
a3afc4fe-10a9-11e7-9c2e-d850e6bdf14c,NULL,"2017-03-24 08:50:43","2017-03-24 08:50:43",a3a9c4fa-10a9-11e7-9c2e-d850e6bdf14c,4,NULL,STORE,2017-03-24,NULL
a3bc6f42-10a9-11e7-9c2e-d850e6bdf14c,NULL,"2017-03-24 08:50:44","2017-03-24 08:50:44",a3b66430-10a9-11e7-9c2e-d850e6bdf14c,25,NULL,STORE,2017-03-24,NULL
a3c8f6a4-10a9-11e7-9c2e-d850e6bdf14c,NULL,"2017-03-24 08:50:44","2017-03-24 08:50:44",a3c30258-10a9-11e7-9c2e-d850e6bdf14c,10,NULL,STORE,2017-03-24,NULL
a3d5c1fe-10a9-11e7-9c2e-d850e6bdf14c,NULL,"2017-03-24 08:50:44","2017-03-24 08:50:44",a3cfaf44-10a9-11e7-9c2e-d850e6bdf14c,15,NULL,STORE,2017-03-24,NULL
a3e26990-10a9-11e7-9c2e-d850e6bdf14c,NULL,"2017-03-24 08:50:44","2017-03-24 08:50:44",a3dc7d3c-10a9-11e7-9c2e-d850e6bdf14c,10,NULL,STORE,2017-03-24,NULL
a3f06b3a-10a9-11e7-9c2e-d850e6bdf14c,NULL,"2017-03-24 08:50:44","2017-03-24 08:50:44",a3ea7ef0-10a9-11e7-9c2e-d850e6bdf14c,38,NULL,STORE,2017-03-24,NULL
a3fe5e0c-10a9-11e7-9c2e-d850e6bdf14c,NULL,"2017-03-24 08:50:44","2017-03-24 08:50:44",a3f843b4-10a9-11e7-9c2e-d850e6bdf14c,17,NULL,STORE,2017-03-24,NULL
a40d9c32-10a9-11e7-9c2e-d850e6bdf14c,NULL,"2017-03-24 08:50:44","2017-03-24 08:50:44",a404f1cc-10a9-11e7-9c2e-d850e6bdf14c,0,NULL,STORE,2017-03-24,NULL
a41a31b8-10a9-11e7-9c2e-d850e6bdf14c,NULL,"2017-03-24 08:50:44","2017-03-24 08:50:44",a414348e-10a9-11e7-9c2e-d850e6bdf14c,25,NULL,STORE,2017-03-24,NULL
a426c360-10a9-11e7-9c2e-d850e6bdf14c,NULL,"2017-03-24 08:50:44","2017-03-24 08:50:44",a420f05c-10a9-11e7-9c2e-d850e6bdf14c,20,NULL,STORE,2017-03-24,NULL
a4345624-10a9-11e7-9c2e-d850e6bdf14c,NULL,"2017-03-24 08:50:44","2017-03-24 08:50:44",a42da216-10a9-11e7-9c2e-d850e6bdf14c,50,NULL,STORE,2017-03-24,NULL
a4418876-10a9-11e7-9c2e-d850e6bdf14c,NULL,"2017-03-24 08:50:44","2017-03-24 08:50:44",a43bb1bc-10a9-11e7-9c2e-d850e6bdf14c,50,NULL,STORE,2017-03-24,NULL
a44e2b4e-10a9-11e7-9c2e-d850e6bdf14c,NULL,"2017-03-24 08:50:45","2017-03-24 08:50:45",a4482b22-10a9-11e7-9c2e-d850e6bdf14c,75,NULL,STORE,2017-03-24,NULL
a45baf4e-10a9-11e7-9c2e-d850e6bdf14c,NULL,"2017-03-24 08:50:45","2017-03-24 08:50:45",a454de26-10a9-11e7-9c2e-d850e6bdf14c,75,NULL,STORE,2017-03-24,NULL
a46c10aa-10a9-11e7-9c2e-d850e6bdf14c,NULL,"2017-03-24 08:50:45","2017-03-24 08:50:45",a464c0fc-10a9-11e7-9c2e-d850e6bdf14c,50,NULL,STORE,2017-03-24,NULL
a47c893a-10a9-11e7-9c2e-d850e6bdf14c,NULL,"2017-03-24 08:50:45","2017-03-24 08:50:45",a4756b0a-10a9-11e7-9c2e-d850e6bdf14c,50,NULL,STORE,2017-03-24,NULL
a48babd6-10a9-11e7-9c2e-d850e6bdf14c,NULL,"2017-03-24 08:50:45","2017-03-24 08:50:45",a4848b3a-10a9-11e7-9c2e-d850e6bdf14c,0,NULL,STORE,2017-03-24,NULL
a49a538e-10a9-11e7-9c2e-d850e6bdf14c,NULL,"2017-03-24 08:50:45","2017-03-24 08:50:45",a493918e-10a9-11e7-9c2e-d850e6bdf14c,0,NULL,STORE,2017-03-24,NULL
a4a6f8b4-10a9-11e7-9c2e-d850e6bdf14c,NULL,"2017-03-24 08:50:45","2017-03-24 08:50:45",a4a0d100-10a9-11e7-9c2e-d850e6bdf14c,600,NULL,STORE,2017-03-24,NULL
a4b38a66-10a9-11e7-9c2e-d850e6bdf14c,NULL,"2017-03-24 08:50:45","2017-03-24 08:50:45",a4ada7cc-10a9-11e7-9c2e-d850e6bdf14c,500,NULL,STORE,2017-03-24,NULL
a4b5228e-10b5-11e7-9c2e-d850e6bdf14c,NULL,"2017-03-24 10:16:39","2017-03-24 10:16:39",5d859452-10b5-11e7-9c2e-d850e6bdf14c,20,"PACKING LIST FROM CHINA",STORE,2017-03-23,no.36
a4c03e6e-10a9-11e7-9c2e-d850e6bdf14c,NULL,"2017-03-24 08:50:45","2017-03-24 08:50:45",a4ba9f54-10a9-11e7-9c2e-d850e6bdf14c,500,NULL,STORE,2017-03-24,NULL
a4cec4ca-10a9-11e7-9c2e-d850e6bdf14c,NULL,"2017-03-24 08:50:45","2017-03-24 08:50:45",a4c855f4-10a9-11e7-9c2e-d850e6bdf14c,0,NULL,STORE,2017-03-24,NULL
a4db9916-10a9-11e7-9c2e-d850e6bdf14c,NULL,"2017-03-24 08:50:45","2017-03-24 08:50:45",a4d5bfdc-10a9-11e7-9c2e-d850e6bdf14c,0,NULL,STORE,2017-03-24,NULL
a4e8230c-10a9-11e7-9c2e-d850e6bdf14c,NULL,"2017-03-24 08:50:46","2017-03-24 08:50:46",a4e24c84-10a9-11e7-9c2e-d850e6bdf14c,42,NULL,STORE,2017-03-24,NULL
a4f7c898-10a9-11e7-9c2e-d850e6bdf14c,NULL,"2017-03-24 08:50:46","2017-03-24 08:50:46",a4eef7fe-10a9-11e7-9c2e-d850e6bdf14c,0,NULL,STORE,2017-03-24,NULL
a5075a38-10a9-11e7-9c2e-d850e6bdf14c,NULL,"2017-03-24 08:50:46","2017-03-24 08:50:46",a50006de-10a9-11e7-9c2e-d850e6bdf14c,0,NULL,STORE,2017-03-24,NULL
a51758e8-10a9-11e7-9c2e-d850e6bdf14c,NULL,"2017-03-24 08:50:46","2017-03-24 08:50:46",a510a228-10a9-11e7-9c2e-d850e6bdf14c,1200,NULL,STORE,2017-03-24,NULL
a524d57c-10a9-11e7-9c2e-d850e6bdf14c,NULL,"2017-03-24 08:50:46","2017-03-24 08:50:46",a51dfe64-10a9-11e7-9c2e-d850e6bdf14c,976,NULL,STORE,2017-03-24,NULL
a53318a8-10a9-11e7-9c2e-d850e6bdf14c,NULL,"2017-03-24 08:50:46","2017-03-24 08:50:46",a52d8014-10a9-11e7-9c2e-d850e6bdf14c,200,NULL,STORE,2017-03-24,NULL
a53fe2cc-10a9-11e7-9c2e-d850e6bdf14c,NULL,"2017-03-24 08:50:46","2017-03-24 08:50:46",a53a18f6-10a9-11e7-9c2e-d850e6bdf14c,100,NULL,STORE,2017-03-24,NULL
a54c9c60-10a9-11e7-9c2e-d850e6bdf14c,NULL,"2017-03-24 08:50:46","2017-03-24 08:50:46",a546c934-10a9-11e7-9c2e-d850e6bdf14c,0,NULL,STORE,2017-03-24,NULL
a5599668-10a9-11e7-9c2e-d850e6bdf14c,NULL,"2017-03-24 08:50:46","2017-03-24 08:50:46",a5537ad0-10a9-11e7-9c2e-d850e6bdf14c,0,NULL,STORE,2017-03-24,NULL
a565f12e-10a9-11e7-9c2e-d850e6bdf14c,NULL,"2017-03-24 08:50:46","2017-03-24 08:50:46",a5600b92-10a9-11e7-9c2e-d850e6bdf14c,0,NULL,STORE,2017-03-24,NULL
a57401c4-10a9-11e7-9c2e-d850e6bdf14c,NULL,"2017-03-24 08:50:46","2017-03-24 08:50:46",a56d688c-10a9-11e7-9c2e-d850e6bdf14c,0,NULL,STORE,2017-03-24,NULL
a580c3fa-10a9-11e7-9c2e-d850e6bdf14c,NULL,"2017-03-24 08:50:47","2017-03-24 08:50:47",a57ab41a-10a9-11e7-9c2e-d850e6bdf14c,0,NULL,STORE,2017-03-24,NULL
a58d530e-10a9-11e7-9c2e-d850e6bdf14c,NULL,"2017-03-24 08:50:47","2017-03-24 08:50:47",a58768c2-10a9-11e7-9c2e-d850e6bdf14c,50,NULL,STORE,2017-03-24,NULL
a59dbc6c-10a9-11e7-9c2e-d850e6bdf14c,NULL,"2017-03-24 08:50:47","2017-03-24 08:50:47",a5941ffe-10a9-11e7-9c2e-d850e6bdf14c,0,NULL,STORE,2017-03-24,NULL
a5aa69c6-10a9-11e7-9c2e-d850e6bdf14c,NULL,"2017-03-24 08:50:47","2017-03-24 08:50:47",a5a4c264-10a9-11e7-9c2e-d850e6bdf14c,100,NULL,STORE,2017-03-24,NULL
a5b73f02-10a9-11e7-9c2e-d850e6bdf14c,NULL,"2017-03-24 08:50:47","2017-03-24 08:50:47",a5b120fe-10a9-11e7-9c2e-d850e6bdf14c,0,NULL,STORE,2017-03-24,NULL
a5c33780-10a9-11e7-9c2e-d850e6bdf14c,NULL,"2017-03-24 08:50:47","2017-03-24 08:50:47",a5be038c-10a9-11e7-9c2e-d850e6bdf14c,50,NULL,STORE,2017-03-24,NULL
a5cff5ec-10a9-11e7-9c2e-d850e6bdf14c,NULL,"2017-03-24 08:50:47","2017-03-24 08:50:47",a5ca1212-10a9-11e7-9c2e-d850e6bdf14c,0,NULL,STORE,2017-03-24,NULL
a5ddd36a-10a9-11e7-9c2e-d850e6bdf14c,NULL,"2017-03-24 08:50:47","2017-03-24 08:50:47",a5d7e98c-10a9-11e7-9c2e-d850e6bdf14c,50,NULL,STORE,2017-03-24,NULL
a5ea9ee2-10a9-11e7-9c2e-d850e6bdf14c,NULL,"2017-03-24 08:50:47","2017-03-24 08:50:47",a5e4aa82-10a9-11e7-9c2e-d850e6bdf14c,0,NULL,STORE,2017-03-24,NULL
a5f77234-10a9-11e7-9c2e-d850e6bdf14c,NULL,"2017-03-24 08:50:47","2017-03-24 08:50:47",a5f1564c-10a9-11e7-9c2e-d850e6bdf14c,0,NULL,STORE,2017-03-24,NULL
a6042100-10a9-11e7-9c2e-d850e6bdf14c,NULL,"2017-03-24 08:50:47","2017-03-24 08:50:47",a5fe20de-10a9-11e7-9c2e-d850e6bdf14c,0,NULL,STORE,2017-03-24,NULL
a611ceea-10a9-11e7-9c2e-d850e6bdf14c,NULL,"2017-03-24 08:50:47","2017-03-24 08:50:47",a60c123e-10a9-11e7-9c2e-d850e6bdf14c,0,NULL,STORE,2017-03-24,NULL
a6209f6a-10a9-11e7-9c2e-d850e6bdf14c,NULL,"2017-03-24 08:50:48","2017-03-24 08:50:48",a618a24c-10a9-11e7-9c2e-d850e6bdf14c,0,NULL,STORE,2017-03-24,NULL
a62cf2a6-10a9-11e7-9c2e-d850e6bdf14c,NULL,"2017-03-24 08:50:48","2017-03-24 08:50:48",a6274da6-10a9-11e7-9c2e-d850e6bdf14c,0,NULL,STORE,2017-03-24,NULL
a63a2f8e-10a9-11e7-9c2e-d850e6bdf14c,NULL,"2017-03-24 08:50:48","2017-03-24 08:50:48",a633dfc6-10a9-11e7-9c2e-d850e6bdf14c,0,NULL,STORE,2017-03-24,NULL
a6465138-10a9-11e7-9c2e-d850e6bdf14c,NULL,"2017-03-24 08:50:48","2017-03-24 08:50:48",a640c330-10a9-11e7-9c2e-d850e6bdf14c,154,NULL,STORE,2017-03-24,NULL
a65458fa-10a9-11e7-9c2e-d850e6bdf14c,NULL,"2017-03-24 08:50:48","2017-03-24 08:50:48",a64d6248-10a9-11e7-9c2e-d850e6bdf14c,0,NULL,STORE,2017-03-24,NULL
a663306e-10a9-11e7-9c2e-d850e6bdf14c,NULL,"2017-03-24 08:50:48","2017-03-24 08:50:48",a65b19c4-10a9-11e7-9c2e-d850e6bdf14c,30,NULL,STORE,2017-03-24,NULL
a6727fba-10a9-11e7-9c2e-d850e6bdf14c,NULL,"2017-03-24 08:50:48","2017-03-24 08:50:48",a66a651e-10a9-11e7-9c2e-d850e6bdf14c,18,NULL,STORE,2017-03-24,NULL
a683c3a6-10a9-11e7-9c2e-d850e6bdf14c,NULL,"2017-03-24 08:50:48","2017-03-24 08:50:48",a67ced6a-10a9-11e7-9c2e-d850e6bdf14c,144,NULL,STORE,2017-03-24,NULL
a68fe62c-10a9-11e7-9c2e-d850e6bdf14c,NULL,"2017-03-24 08:50:48","2017-03-24 08:50:48",a68a7386-10a9-11e7-9c2e-d850e6bdf14c,92,NULL,STORE,2017-03-24,NULL
a69cacae-10a9-11e7-9c2e-d850e6bdf14c,NULL,"2017-03-24 08:50:48","2017-03-24 08:50:48",a696dc20-10a9-11e7-9c2e-d850e6bdf14c,48,NULL,STORE,2017-03-24,NULL
a6a99072-10a9-11e7-9c2e-d850e6bdf14c,NULL,"2017-03-24 08:50:48","2017-03-24 08:50:48",a6a3965e-10a9-11e7-9c2e-d850e6bdf14c,64,NULL,STORE,2017-03-24,NULL
a6b612fc-10a9-11e7-9c2e-d850e6bdf14c,NULL,"2017-03-24 08:50:49","2017-03-24 08:50:49",a6b01438-10a9-11e7-9c2e-d850e6bdf14c,0,NULL,STORE,2017-03-24,NULL
a6c2eedc-10a9-11e7-9c2e-d850e6bdf14c,NULL,"2017-03-24 08:50:49","2017-03-24 08:50:49",a6bcf216-10a9-11e7-9c2e-d850e6bdf14c,0,NULL,STORE,2017-03-24,NULL
a6cf46d2-10a9-11e7-9c2e-d850e6bdf14c,NULL,"2017-03-24 08:50:49","2017-03-24 08:50:49",a6c9cb62-10a9-11e7-9c2e-d850e6bdf14c,0,NULL,STORE,2017-03-24,NULL
a6dc3932-10a9-11e7-9c2e-d850e6bdf14c,NULL,"2017-03-24 08:50:49","2017-03-24 08:50:49",a6d640ea-10a9-11e7-9c2e-d850e6bdf14c,0,NULL,STORE,2017-03-24,NULL
a6e8b50e-10a9-11e7-9c2e-d850e6bdf14c,NULL,"2017-03-24 08:50:49","2017-03-24 08:50:49",a6e3369c-10a9-11e7-9c2e-d850e6bdf14c,0,NULL,STORE,2017-03-24,NULL
a6f60dc6-10a9-11e7-9c2e-d850e6bdf14c,NULL,"2017-03-24 08:50:49","2017-03-24 08:50:49",a6ef9f0e-10a9-11e7-9c2e-d850e6bdf14c,0,NULL,STORE,2017-03-24,NULL
a704928e-10bc-11e7-9c2e-d850e6bdf14c,NULL,"2017-03-24 11:06:50","2017-03-24 11:06:50",a0a896c8-10a9-11e7-9c2e-d850e6bdf14c,60,china,RETRIEVE,2017-03-23,
a706fdac-10a9-11e7-9c2e-d850e6bdf14c,NULL,"2017-03-24 08:50:49","2017-03-24 08:50:49",a6ffa8d6-10a9-11e7-9c2e-d850e6bdf14c,0,NULL,STORE,2017-03-24,NULL
a717a864-10a9-11e7-9c2e-d850e6bdf14c,NULL,"2017-03-24 08:50:49","2017-03-24 08:50:49",a70ff0ec-10a9-11e7-9c2e-d850e6bdf14c,52,NULL,STORE,2017-03-24,NULL
a7282374-10a9-11e7-9c2e-d850e6bdf14c,NULL,"2017-03-24 08:50:49","2017-03-24 08:50:49",a72058ce-10a9-11e7-9c2e-d850e6bdf14c,0,NULL,STORE,2017-03-24,NULL
a73c28a6-10a9-11e7-9c2e-d850e6bdf14c,NULL,"2017-03-24 08:50:49","2017-03-24 08:50:49",a73123ac-10a9-11e7-9c2e-d850e6bdf14c,0,NULL,STORE,2017-03-24,NULL
a74ad284-10a9-11e7-9c2e-d850e6bdf14c,NULL,"2017-03-24 08:50:50","2017-03-24 08:50:50",a744aef4-10a9-11e7-9c2e-d850e6bdf14c,0,NULL,STORE,2017-03-24,NULL
a759a05c-10a9-11e7-9c2e-d850e6bdf14c,NULL,"2017-03-24 08:50:50","2017-03-24 08:50:50",a7540b4c-10a9-11e7-9c2e-d850e6bdf14c,28,NULL,STORE,2017-03-24,NULL
a76653ce-10a9-11e7-9c2e-d850e6bdf14c,NULL,"2017-03-24 08:50:50","2017-03-24 08:50:50",a760ea1a-10a9-11e7-9c2e-d850e6bdf14c,0,NULL,STORE,2017-03-24,NULL
a7735f24-10a9-11e7-9c2e-d850e6bdf14c,NULL,"2017-03-24 08:50:50","2017-03-24 08:50:50",a76d1dd0-10a9-11e7-9c2e-d850e6bdf14c,0,NULL,STORE,2017-03-24,NULL
a7820600-10a9-11e7-9c2e-d850e6bdf14c,NULL,"2017-03-24 08:50:50","2017-03-24 08:50:50",a77a5608-10a9-11e7-9c2e-d850e6bdf14c,0,NULL,STORE,2017-03-24,NULL
a7927e40-10a9-11e7-9c2e-d850e6bdf14c,NULL,"2017-03-24 08:50:50","2017-03-24 08:50:50",a78b297e-10a9-11e7-9c2e-d850e6bdf14c,0,NULL,STORE,2017-03-24,NULL
a7a13cb4-10a9-11e7-9c2e-d850e6bdf14c,NULL,"2017-03-24 08:50:50","2017-03-24 08:50:50",a79b0e8e-10a9-11e7-9c2e-d850e6bdf14c,100,NULL,STORE,2017-03-24,NULL
a7b16666-10a9-11e7-9c2e-d850e6bdf14c,NULL,"2017-03-24 08:50:50","2017-03-24 08:50:50",a7a8e7ac-10a9-11e7-9c2e-d850e6bdf14c,100,NULL,STORE,2017-03-24,NULL
a7c08f4c-10a9-11e7-9c2e-d850e6bdf14c,NULL,"2017-03-24 08:50:50","2017-03-24 08:50:50",a7bac1de-10a9-11e7-9c2e-d850e6bdf14c,42,NULL,STORE,2017-03-24,NULL
a7cd6b72-10a9-11e7-9c2e-d850e6bdf14c,NULL,"2017-03-24 08:50:50","2017-03-24 08:50:50",a7c7d64e-10a9-11e7-9c2e-d850e6bdf14c,28,NULL,STORE,2017-03-24,NULL
a7da65b6-10a9-11e7-9c2e-d850e6bdf14c,NULL,"2017-03-24 08:50:50","2017-03-24 08:50:50",a7d44a64-10a9-11e7-9c2e-d850e6bdf14c,20,NULL,STORE,2017-03-24,NULL
a7e83542-10a9-11e7-9c2e-d850e6bdf14c,NULL,"2017-03-24 08:50:51","2017-03-24 08:50:51",a7e1f632-10a9-11e7-9c2e-d850e6bdf14c,20,NULL,STORE,2017-03-24,NULL
a7f61d2e-10a9-11e7-9c2e-d850e6bdf14c,NULL,"2017-03-24 08:50:51","2017-03-24 08:50:51",a7efdb08-10a9-11e7-9c2e-d850e6bdf14c,0,NULL,STORE,2017-03-24,NULL
a8057ba2-10a9-11e7-9c2e-d850e6bdf14c,NULL,"2017-03-24 08:50:51","2017-03-24 08:50:51",a7fcd632-10a9-11e7-9c2e-d850e6bdf14c,0,NULL,STORE,2017-03-24,NULL
a81219a2-10a9-11e7-9c2e-d850e6bdf14c,NULL,"2017-03-24 08:50:51","2017-03-24 08:50:51",a80cafee-10a9-11e7-9c2e-d850e6bdf14c,0,NULL,STORE,2017-03-24,NULL
a81f6de6-10a9-11e7-9c2e-d850e6bdf14c,NULL,"2017-03-24 08:50:51","2017-03-24 08:50:51",a81966da-10a9-11e7-9c2e-d850e6bdf14c,0,NULL,STORE,2017-03-24,NULL
a82c1a50-10a9-11e7-9c2e-d850e6bdf14c,NULL,"2017-03-24 08:50:51","2017-03-24 08:50:51",a8266f56-10a9-11e7-9c2e-d850e6bdf14c,23,NULL,STORE,2017-03-24,NULL
a838df4c-10a9-11e7-9c2e-d850e6bdf14c,NULL,"2017-03-24 08:50:51","2017-03-24 08:50:51",a8337228-10a9-11e7-9c2e-d850e6bdf14c,5,NULL,STORE,2017-03-24,NULL
a8461a04-10a9-11e7-9c2e-d850e6bdf14c,NULL,"2017-03-24 08:50:51","2017-03-24 08:50:51",a83fe706-10a9-11e7-9c2e-d850e6bdf14c,15,NULL,STORE,2017-03-24,NULL
a852b8cc-10a9-11e7-9c2e-d850e6bdf14c,NULL,"2017-03-24 08:50:51","2017-03-24 08:50:51",a84d3dd4-10a9-11e7-9c2e-d850e6bdf14c,10,NULL,STORE,2017-03-24,NULL
a85c6dcc-10c2-11e7-9c2e-d850e6bdf14c,NULL,"2017-03-24 11:49:49","2017-03-24 11:49:49",a0a896c8-10a9-11e7-9c2e-d850e6bdf14c,5,0962,RETRIEVE,2017-03-23,"out by litoy"
a85fa51e-10a9-11e7-9c2e-d850e6bdf14c,NULL,"2017-03-24 08:50:51","2017-03-24 08:50:51",a859bf28-10a9-11e7-9c2e-d850e6bdf14c,20,NULL,STORE,2017-03-24,NULL
a86fe58c-10a9-11e7-9c2e-d850e6bdf14c,NULL,"2017-03-24 08:50:51","2017-03-24 08:50:51",a8680e20-10a9-11e7-9c2e-d850e6bdf14c,30,NULL,STORE,2017-03-24,NULL
a880bbb4-10a9-11e7-9c2e-d850e6bdf14c,NULL,"2017-03-24 08:50:52","2017-03-24 08:50:52",a8798ae2-10a9-11e7-9c2e-d850e6bdf14c,0,NULL,STORE,2017-03-24,NULL
a8915b5e-10a9-11e7-9c2e-d850e6bdf14c,NULL,"2017-03-24 08:50:52","2017-03-24 08:50:52",a889e464-10a9-11e7-9c2e-d850e6bdf14c,0,NULL,STORE,2017-03-24,NULL
a8a050b4-10a9-11e7-9c2e-d850e6bdf14c,NULL,"2017-03-24 08:50:52","2017-03-24 08:50:52",a89a55d8-10a9-11e7-9c2e-d850e6bdf14c,20,NULL,STORE,2017-03-24,NULL
a8b2e8b4-10a9-11e7-9c2e-d850e6bdf14c,NULL,"2017-03-24 08:50:52","2017-03-24 08:50:52",a8ab712e-10a9-11e7-9c2e-d850e6bdf14c,0,NULL,STORE,2017-03-24,NULL
a8c2c3ec-10a9-11e7-9c2e-d850e6bdf14c,NULL,"2017-03-24 08:50:52","2017-03-24 08:50:52",a8bc0bba-10a9-11e7-9c2e-d850e6bdf14c,0,NULL,STORE,2017-03-24,NULL
a8cfa396-10a9-11e7-9c2e-d850e6bdf14c,NULL,"2017-03-24 08:50:52","2017-03-24 08:50:52",a8c95db0-10a9-11e7-9c2e-d850e6bdf14c,99,NULL,STORE,2017-03-24,NULL
a8e178fa-10a9-11e7-9c2e-d850e6bdf14c,NULL,"2017-03-24 08:50:52","2017-03-24 08:50:52",a8db6ca8-10a9-11e7-9c2e-d850e6bdf14c,20,NULL,STORE,2017-03-24,NULL
a8f1da60-10a9-11e7-9c2e-d850e6bdf14c,NULL,"2017-03-24 08:50:52","2017-03-24 08:50:52",a8e99328-10a9-11e7-9c2e-d850e6bdf14c,0,NULL,STORE,2017-03-24,NULL
a8ff0564-10a9-11e7-9c2e-d850e6bdf14c,NULL,"2017-03-24 08:50:52","2017-03-24 08:50:52",a8f910dc-10a9-11e7-9c2e-d850e6bdf14c,0,NULL,STORE,2017-03-24,NULL
a90b7d76-10a9-11e7-9c2e-d850e6bdf14c,NULL,"2017-03-24 08:50:52","2017-03-24 08:50:52",a90605b2-10a9-11e7-9c2e-d850e6bdf14c,0,NULL,STORE,2017-03-24,NULL
a919f72a-10a9-11e7-9c2e-d850e6bdf14c,NULL,"2017-03-24 08:50:53","2017-03-24 08:50:53",a91254c0-10a9-11e7-9c2e-d850e6bdf14c,0,NULL,STORE,2017-03-24,NULL
a926fc04-10a9-11e7-9c2e-d850e6bdf14c,NULL,"2017-03-24 08:50:53","2017-03-24 08:50:53",a920647a-10a9-11e7-9c2e-d850e6bdf14c,0,NULL,STORE,2017-03-24,NULL
a933b778-10a9-11e7-9c2e-d850e6bdf14c,NULL,"2017-03-24 08:50:53","2017-03-24 08:50:53",a92d9b40-10a9-11e7-9c2e-d850e6bdf14c,70,NULL,STORE,2017-03-24,NULL
a9404eac-10a9-11e7-9c2e-d850e6bdf14c,NULL,"2017-03-24 08:50:53","2017-03-24 08:50:53",a93a903e-10a9-11e7-9c2e-d850e6bdf14c,0,NULL,STORE,2017-03-24,NULL
a94d7bfe-10a9-11e7-9c2e-d850e6bdf14c,NULL,"2017-03-24 08:50:53","2017-03-24 08:50:53",a9471ee4-10a9-11e7-9c2e-d850e6bdf14c,0,NULL,STORE,2017-03-24,NULL
a95a0bbc-10a9-11e7-9c2e-d850e6bdf14c,NULL,"2017-03-24 08:50:53","2017-03-24 08:50:53",a95451b8-10a9-11e7-9c2e-d850e6bdf14c,0,NULL,STORE,2017-03-24,NULL
a96a349c-10a9-11e7-9c2e-d850e6bdf14c,NULL,"2017-03-24 08:50:53","2017-03-24 08:50:53",a960ee0a-10a9-11e7-9c2e-d850e6bdf14c,0,NULL,STORE,2017-03-24,NULL
a97b2f7c-10a9-11e7-9c2e-d850e6bdf14c,NULL,"2017-03-24 08:50:53","2017-03-24 08:50:53",a9739af0-10a9-11e7-9c2e-d850e6bdf14c,10,NULL,STORE,2017-03-24,NULL
a98d25f6-10a9-11e7-9c2e-d850e6bdf14c,NULL,"2017-03-24 08:50:53","2017-03-24 08:50:53",a9848928-10a9-11e7-9c2e-d850e6bdf14c,30,NULL,STORE,2017-03-24,NULL
a99fa50a-10a9-11e7-9c2e-d850e6bdf14c,NULL,"2017-03-24 08:50:53","2017-03-24 08:50:53",a997407c-10a9-11e7-9c2e-d850e6bdf14c,50,NULL,STORE,2017-03-24,NULL
a9b2ecc8-10a9-11e7-9c2e-d850e6bdf14c,NULL,"2017-03-24 08:50:54","2017-03-24 08:50:54",a9ab860e-10a9-11e7-9c2e-d850e6bdf14c,0,NULL,STORE,2017-03-24,NULL
a9c2e218-10a9-11e7-9c2e-d850e6bdf14c,NULL,"2017-03-24 08:50:54","2017-03-24 08:50:54",a9bc7c7a-10a9-11e7-9c2e-d850e6bdf14c,0,NULL,STORE,2017-03-24,NULL
a9d0f704-10a9-11e7-9c2e-d850e6bdf14c,NULL,"2017-03-24 08:50:54","2017-03-24 08:50:54",a9cb4084-10a9-11e7-9c2e-d850e6bdf14c,20,NULL,STORE,2017-03-24,NULL
a9df1a32-10a9-11e7-9c2e-d850e6bdf14c,NULL,"2017-03-24 08:50:54","2017-03-24 08:50:54",a9d96920-10a9-11e7-9c2e-d850e6bdf14c,150,NULL,STORE,2017-03-24,NULL
a9efdcaa-10a9-11e7-9c2e-d850e6bdf14c,NULL,"2017-03-24 08:50:54","2017-03-24 08:50:54",a9e74fc2-10a9-11e7-9c2e-d850e6bdf14c,150,NULL,STORE,2017-03-24,NULL
a9ff96cc-10a9-11e7-9c2e-d850e6bdf14c,NULL,"2017-03-24 08:50:54","2017-03-24 08:50:54",a9f6e2d4-10a9-11e7-9c2e-d850e6bdf14c,0,NULL,STORE,2017-03-24,NULL
aa125eb0-10a9-11e7-9c2e-d850e6bdf14c,NULL,"2017-03-24 08:50:54","2017-03-24 08:50:54",aa09f8d8-10a9-11e7-9c2e-d850e6bdf14c,0,NULL,STORE,2017-03-24,NULL
aa2f4f84-10a9-11e7-9c2e-d850e6bdf14c,NULL,"2017-03-24 08:50:54","2017-03-24 08:50:54",aa25c2fc-10a9-11e7-9c2e-d850e6bdf14c,0,NULL,STORE,2017-03-24,NULL
aa413cf8-10a9-11e7-9c2e-d850e6bdf14c,NULL,"2017-03-24 08:50:55","2017-03-24 08:50:55",aa377420-10a9-11e7-9c2e-d850e6bdf14c,0,NULL,STORE,2017-03-24,NULL
aa566be6-10a9-11e7-9c2e-d850e6bdf14c,NULL,"2017-03-24 08:50:55","2017-03-24 08:50:55",aa4b1c6e-10a9-11e7-9c2e-d850e6bdf14c,0,NULL,STORE,2017-03-24,NULL
aa651f7e-10a9-11e7-9c2e-d850e6bdf14c,NULL,"2017-03-24 08:50:55","2017-03-24 08:50:55",aa5ed04c-10a9-11e7-9c2e-d850e6bdf14c,0,NULL,STORE,2017-03-24,NULL
aa76bbbc-10a9-11e7-9c2e-d850e6bdf14c,NULL,"2017-03-24 08:50:55","2017-03-24 08:50:55",aa6f17c2-10a9-11e7-9c2e-d850e6bdf14c,20,NULL,STORE,2017-03-24,NULL
aa8383ec-10a9-11e7-9c2e-d850e6bdf14c,NULL,"2017-03-24 08:50:55","2017-03-24 08:50:55",aa7d6ea8-10a9-11e7-9c2e-d850e6bdf14c,36,NULL,STORE,2017-03-24,NULL
aa907e62-10a9-11e7-9c2e-d850e6bdf14c,NULL,"2017-03-24 08:50:55","2017-03-24 08:50:55",aa8a5f46-10a9-11e7-9c2e-d850e6bdf14c,64,NULL,STORE,2017-03-24,NULL
aa9d7022-10a9-11e7-9c2e-d850e6bdf14c,NULL,"2017-03-24 08:50:55","2017-03-24 08:50:55",aa972ed8-10a9-11e7-9c2e-d850e6bdf14c,64,NULL,STORE,2017-03-24,NULL
aaaa006c-10a9-11e7-9c2e-d850e6bdf14c,NULL,"2017-03-24 08:50:55","2017-03-24 08:50:55",aaa472be-10a9-11e7-9c2e-d850e6bdf14c,44,NULL,STORE,2017-03-24,NULL
aab925d8-10a9-11e7-9c2e-d850e6bdf14c,NULL,"2017-03-24 08:50:55","2017-03-24 08:50:55",aab30af4-10a9-11e7-9c2e-d850e6bdf14c,104,NULL,STORE,2017-03-24,NULL
aac5a88a-10a9-11e7-9c2e-d850e6bdf14c,NULL,"2017-03-24 08:50:55","2017-03-24 08:50:55",aac02a68-10a9-11e7-9c2e-d850e6bdf14c,0,NULL,STORE,2017-03-24,NULL
aad3e3a0-10a9-11e7-9c2e-d850e6bdf14c,NULL,"2017-03-24 08:50:55","2017-03-24 08:50:55",aace0034-10a9-11e7-9c2e-d850e6bdf14c,0,NULL,STORE,2017-03-24,NULL
aae0ba1c-10a9-11e7-9c2e-d850e6bdf14c,NULL,"2017-03-24 08:50:56","2017-03-24 08:50:56",aadb3182-10a9-11e7-9c2e-d850e6bdf14c,100,NULL,STORE,2017-03-24,NULL
aaee510e-10a9-11e7-9c2e-d850e6bdf14c,NULL,"2017-03-24 08:50:56","2017-03-24 08:50:56",aae7b7f4-10a9-11e7-9c2e-d850e6bdf14c,100,NULL,STORE,2017-03-24,NULL
aafb890a-10a9-11e7-9c2e-d850e6bdf14c,NULL,"2017-03-24 08:50:56","2017-03-24 08:50:56",aaf530be-10a9-11e7-9c2e-d850e6bdf14c,0,NULL,STORE,2017-03-24,NULL
ab0a17f4-10a9-11e7-9c2e-d850e6bdf14c,NULL,"2017-03-24 08:50:56","2017-03-24 08:50:56",ab042a38-10a9-11e7-9c2e-d850e6bdf14c,0,NULL,STORE,2017-03-24,NULL
ab17f342-10a9-11e7-9c2e-d850e6bdf14c,NULL,"2017-03-24 08:50:56","2017-03-24 08:50:56",ab112cba-10a9-11e7-9c2e-d850e6bdf14c,0,NULL,STORE,2017-03-24,NULL
ab27f8d2-10a9-11e7-9c2e-d850e6bdf14c,NULL,"2017-03-24 08:50:56","2017-03-24 08:50:56",ab218a2e-10a9-11e7-9c2e-d850e6bdf14c,0,NULL,STORE,2017-03-24,NULL
ab35087e-10a9-11e7-9c2e-d850e6bdf14c,NULL,"2017-03-24 08:50:56","2017-03-24 08:50:56",ab2ee548-10a9-11e7-9c2e-d850e6bdf14c,32,NULL,STORE,2017-03-24,NULL
ab4412ec-10a9-11e7-9c2e-d850e6bdf14c,NULL,"2017-03-24 08:50:56","2017-03-24 08:50:56",ab3d3274-10a9-11e7-9c2e-d850e6bdf14c,32,NULL,STORE,2017-03-24,NULL
ab574966-10a9-11e7-9c2e-d850e6bdf14c,NULL,"2017-03-24 08:50:56","2017-03-24 08:50:56",ab4daf82-10a9-11e7-9c2e-d850e6bdf14c,30,NULL,STORE,2017-03-24,NULL
ab6471fe-10a9-11e7-9c2e-d850e6bdf14c,NULL,"2017-03-24 08:50:56","2017-03-24 08:50:56",ab5e5652-10a9-11e7-9c2e-d850e6bdf14c,30,NULL,STORE,2017-03-24,NULL
ab70ea88-10a9-11e7-9c2e-d850e6bdf14c,NULL,"2017-03-24 08:50:56","2017-03-24 08:50:56",ab6af4fc-10a9-11e7-9c2e-d850e6bdf14c,0,NULL,STORE,2017-03-24,NULL
ab7e3616-10a9-11e7-9c2e-d850e6bdf14c,NULL,"2017-03-24 08:50:57","2017-03-24 08:50:57",ab77c682-10a9-11e7-9c2e-d850e6bdf14c,0,NULL,STORE,2017-03-24,NULL
ab8aaf2c-10a9-11e7-9c2e-d850e6bdf14c,NULL,"2017-03-24 08:50:57","2017-03-24 08:50:57",ab850e14-10a9-11e7-9c2e-d850e6bdf14c,1013,NULL,STORE,2017-03-24,NULL
ab991198-10a9-11e7-9c2e-d850e6bdf14c,NULL,"2017-03-24 08:50:57","2017-03-24 08:50:57",ab92ebf6-10a9-11e7-9c2e-d850e6bdf14c,4300,NULL,STORE,2017-03-24,NULL
aba676ee-10a9-11e7-9c2e-d850e6bdf14c,NULL,"2017-03-24 08:50:57","2017-03-24 08:50:57",aba0d3f6-10a9-11e7-9c2e-d850e6bdf14c,0,NULL,STORE,2017-03-24,NULL
abb34a86-10a9-11e7-9c2e-d850e6bdf14c,NULL,"2017-03-24 08:50:57","2017-03-24 08:50:57",abadcb4c-10a9-11e7-9c2e-d850e6bdf14c,400,NULL,STORE,2017-03-24,NULL
abc091aa-10a9-11e7-9c2e-d850e6bdf14c,NULL,"2017-03-24 08:50:57","2017-03-24 08:50:57",abba74f0-10a9-11e7-9c2e-d850e6bdf14c,24,NULL,STORE,2017-03-24,NULL
abcd0eee-10a9-11e7-9c2e-d850e6bdf14c,NULL,"2017-03-24 08:50:57","2017-03-24 08:50:57",abc7a526-10a9-11e7-9c2e-d850e6bdf14c,100,NULL,STORE,2017-03-24,NULL
abda12e2-10a9-11e7-9c2e-d850e6bdf14c,NULL,"2017-03-24 08:50:57","2017-03-24 08:50:57",abd417e8-10a9-11e7-9c2e-d850e6bdf14c,231,NULL,STORE,2017-03-24,NULL
abe8f1d6-10a9-11e7-9c2e-d850e6bdf14c,NULL,"2017-03-24 08:50:57","2017-03-24 08:50:57",abe1b704-10a9-11e7-9c2e-d850e6bdf14c,21,NULL,STORE,2017-03-24,NULL
abfbcc70-10a9-11e7-9c2e-d850e6bdf14c,NULL,"2017-03-24 08:50:57","2017-03-24 08:50:57",abf2a032-10a9-11e7-9c2e-d850e6bdf14c,38,NULL,STORE,2017-03-24,NULL
ac0bbeaa-10a9-11e7-9c2e-d850e6bdf14c,NULL,"2017-03-24 08:50:58","2017-03-24 08:50:58",ac058850-10a9-11e7-9c2e-d850e6bdf14c,200,NULL,STORE,2017-03-24,NULL
ac1db51a-10a9-11e7-9c2e-d850e6bdf14c,NULL,"2017-03-24 08:50:58","2017-03-24 08:50:58",ac12c61e-10a9-11e7-9c2e-d850e6bdf14c,300,NULL,STORE,2017-03-24,NULL
ac2a1e86-10a9-11e7-9c2e-d850e6bdf14c,NULL,"2017-03-24 08:50:58","2017-03-24 08:50:58",ac244bd2-10a9-11e7-9c2e-d850e6bdf14c,175,NULL,STORE,2017-03-24,NULL
ac3a8410-10a9-11e7-9c2e-d850e6bdf14c,NULL,"2017-03-24 08:50:58","2017-03-24 08:50:58",ac329bb0-10a9-11e7-9c2e-d850e6bdf14c,500,NULL,STORE,2017-03-24,NULL
ac47ac12-10a9-11e7-9c2e-d850e6bdf14c,NULL,"2017-03-24 08:50:58","2017-03-24 08:50:58",ac416a0a-10a9-11e7-9c2e-d850e6bdf14c,200,NULL,STORE,2017-03-24,NULL
ac54511a-10a9-11e7-9c2e-d850e6bdf14c,NULL,"2017-03-24 08:50:58","2017-03-24 08:50:58",ac4e9acc-10a9-11e7-9c2e-d850e6bdf14c,0,NULL,STORE,2017-03-24,NULL
ac61158a-10a9-11e7-9c2e-d850e6bdf14c,NULL,"2017-03-24 08:50:58","2017-03-24 08:50:58",ac5b030c-10a9-11e7-9c2e-d850e6bdf14c,0,NULL,STORE,2017-03-24,NULL
ac6e714e-10a9-11e7-9c2e-d850e6bdf14c,NULL,"2017-03-24 08:50:58","2017-03-24 08:50:58",ac67f008-10a9-11e7-9c2e-d850e6bdf14c,30,NULL,STORE,2017-03-24,NULL
ac7ace76-10a9-11e7-9c2e-d850e6bdf14c,NULL,"2017-03-24 08:50:58","2017-03-24 08:50:58",ac753a7e-10a9-11e7-9c2e-d850e6bdf14c,50,NULL,STORE,2017-03-24,NULL
ac87e3a4-10a9-11e7-9c2e-d850e6bdf14c,NULL,"2017-03-24 08:50:58","2017-03-24 08:50:58",ac81a7aa-10a9-11e7-9c2e-d850e6bdf14c,50,NULL,STORE,2017-03-24,NULL
ac956fec-10a9-11e7-9c2e-d850e6bdf14c,NULL,"2017-03-24 08:50:58","2017-03-24 08:50:58",ac8ed254-10a9-11e7-9c2e-d850e6bdf14c,1400,NULL,STORE,2017-03-24,NULL
aca3565c-10a9-11e7-9c2e-d850e6bdf14c,NULL,"2017-03-24 08:50:58","2017-03-24 08:50:58",ac9ccd6e-10a9-11e7-9c2e-d850e6bdf14c,4860,NULL,STORE,2017-03-24,NULL
acb12458-10a9-11e7-9c2e-d850e6bdf14c,NULL,"2017-03-24 08:50:59","2017-03-24 08:50:59",acaaf3f8-10a9-11e7-9c2e-d850e6bdf14c,1050,NULL,STORE,2017-03-24,NULL
acbe2540-10a9-11e7-9c2e-d850e6bdf14c,NULL,"2017-03-24 08:50:59","2017-03-24 08:50:59",acb81344-10a9-11e7-9c2e-d850e6bdf14c,1600,NULL,STORE,2017-03-24,NULL
accab31e-10a9-11e7-9c2e-d850e6bdf14c,NULL,"2017-03-24 08:50:59","2017-03-24 08:50:59",acc4f5d2-10a9-11e7-9c2e-d850e6bdf14c,1800,NULL,STORE,2017-03-24,NULL
acd7ef20-10a9-11e7-9c2e-d850e6bdf14c,NULL,"2017-03-24 08:50:59","2017-03-24 08:50:59",acd1c370-10a9-11e7-9c2e-d850e6bdf14c,1250,NULL,STORE,2017-03-24,NULL
ace4b840-10a9-11e7-9c2e-d850e6bdf14c,NULL,"2017-03-24 08:50:59","2017-03-24 08:50:59",acdeda06-10a9-11e7-9c2e-d850e6bdf14c,750,NULL,STORE,2017-03-24,NULL
acf53800-10a9-11e7-9c2e-d850e6bdf14c,NULL,"2017-03-24 08:50:59","2017-03-24 08:50:59",acee1642-10a9-11e7-9c2e-d850e6bdf14c,200,NULL,STORE,2017-03-24,NULL
ad03b70e-10a9-11e7-9c2e-d850e6bdf14c,NULL,"2017-03-24 08:50:59","2017-03-24 08:50:59",acfd7b78-10a9-11e7-9c2e-d850e6bdf14c,1650,NULL,STORE,2017-03-24,NULL
ad1091c2-10a9-11e7-9c2e-d850e6bdf14c,NULL,"2017-03-24 08:50:59","2017-03-24 08:50:59",ad0aa2f8-10a9-11e7-9c2e-d850e6bdf14c,550,NULL,STORE,2017-03-24,NULL
ad1e9a74-10a9-11e7-9c2e-d850e6bdf14c,NULL,"2017-03-24 08:50:59","2017-03-24 08:50:59",ad187ec8-10a9-11e7-9c2e-d850e6bdf14c,5800,NULL,STORE,2017-03-24,NULL
ad2aea0e-10a9-11e7-9c2e-d850e6bdf14c,NULL,"2017-03-24 08:50:59","2017-03-24 08:50:59",ad259086-10a9-11e7-9c2e-d850e6bdf14c,0,NULL,STORE,2017-03-24,NULL
ad39b962-10a9-11e7-9c2e-d850e6bdf14c,NULL,"2017-03-24 08:50:59","2017-03-24 08:50:59",ad33b54e-10a9-11e7-9c2e-d850e6bdf14c,1260,NULL,STORE,2017-03-24,NULL
ad47d1dc-10a9-11e7-9c2e-d850e6bdf14c,NULL,"2017-03-24 08:51:00","2017-03-24 08:51:00",ad41b0c2-10a9-11e7-9c2e-d850e6bdf14c,400,NULL,STORE,2017-03-24,NULL
ad54245a-10a9-11e7-9c2e-d850e6bdf14c,NULL,"2017-03-24 08:51:00","2017-03-24 08:51:00",ad4ec492-10a9-11e7-9c2e-d850e6bdf14c,1200,NULL,STORE,2017-03-24,NULL
ad61157a-10a9-11e7-9c2e-d850e6bdf14c,NULL,"2017-03-24 08:51:00","2017-03-24 08:51:00",ad5ad9c6-10a9-11e7-9c2e-d850e6bdf14c,200,NULL,STORE,2017-03-24,NULL
ad76066a-10a9-11e7-9c2e-d850e6bdf14c,NULL,"2017-03-24 08:51:00","2017-03-24 08:51:00",ad6b7b6e-10a9-11e7-9c2e-d850e6bdf14c,50,NULL,STORE,2017-03-24,NULL
ad88a900-10a9-11e7-9c2e-d850e6bdf14c,NULL,"2017-03-24 08:51:00","2017-03-24 08:51:00",ad8168f2-10a9-11e7-9c2e-d850e6bdf14c,50,NULL,STORE,2017-03-24,NULL
ad9a4408-10a9-11e7-9c2e-d850e6bdf14c,NULL,"2017-03-24 08:51:00","2017-03-24 08:51:00",ad91c922-10a9-11e7-9c2e-d850e6bdf14c,50,NULL,STORE,2017-03-24,NULL
ada7b89a-10a9-11e7-9c2e-d850e6bdf14c,NULL,"2017-03-24 08:51:00","2017-03-24 08:51:00",ada19550-10a9-11e7-9c2e-d850e6bdf14c,50,NULL,STORE,2017-03-24,NULL
adb9d566-10a9-11e7-9c2e-d850e6bdf14c,NULL,"2017-03-24 08:51:00","2017-03-24 08:51:00",adaf7e72-10a9-11e7-9c2e-d850e6bdf14c,100,NULL,STORE,2017-03-24,NULL
adc9c052-10a9-11e7-9c2e-d850e6bdf14c,NULL,"2017-03-24 08:51:00","2017-03-24 08:51:00",adc35960-10a9-11e7-9c2e-d850e6bdf14c,300,NULL,STORE,2017-03-24,NULL
add9053a-10a9-11e7-9c2e-d850e6bdf14c,NULL,"2017-03-24 08:51:01","2017-03-24 08:51:01",add1ca68-10a9-11e7-9c2e-d850e6bdf14c,0,NULL,STORE,2017-03-24,NULL
ade90246-10a9-11e7-9c2e-d850e6bdf14c,NULL,"2017-03-24 08:51:01","2017-03-24 08:51:01",ade12828-10a9-11e7-9c2e-d850e6bdf14c,0,NULL,STORE,2017-03-24,NULL
adf900e2-10a9-11e7-9c2e-d850e6bdf14c,NULL,"2017-03-24 08:51:01","2017-03-24 08:51:01",adf2490a-10a9-11e7-9c2e-d850e6bdf14c,300,NULL,STORE,2017-03-24,NULL
ae0870f4-10a9-11e7-9c2e-d850e6bdf14c,NULL,"2017-03-24 08:51:01","2017-03-24 08:51:01",ae025156-10a9-11e7-9c2e-d850e6bdf14c,300,NULL,STORE,2017-03-24,NULL
ae14fa90-10a9-11e7-9c2e-d850e6bdf14c,NULL,"2017-03-24 08:51:01","2017-03-24 08:51:01",ae0f67a6-10a9-11e7-9c2e-d850e6bdf14c,300,NULL,STORE,2017-03-24,NULL
ae231b0c-10a9-11e7-9c2e-d850e6bdf14c,NULL,"2017-03-24 08:51:01","2017-03-24 08:51:01",ae1bb2b8-10a9-11e7-9c2e-d850e6bdf14c,300,NULL,STORE,2017-03-24,NULL
ae303648-10a9-11e7-9c2e-d850e6bdf14c,NULL,"2017-03-24 08:51:01","2017-03-24 08:51:01",ae2a03b8-10a9-11e7-9c2e-d850e6bdf14c,300,NULL,STORE,2017-03-24,NULL
ae3f25b8-10a9-11e7-9c2e-d850e6bdf14c,NULL,"2017-03-24 08:51:01","2017-03-24 08:51:01",ae392eec-10a9-11e7-9c2e-d850e6bdf14c,300,NULL,STORE,2017-03-24,NULL
ae4d30b8-10a9-11e7-9c2e-d850e6bdf14c,NULL,"2017-03-24 08:51:01","2017-03-24 08:51:01",ae471a48-10a9-11e7-9c2e-d850e6bdf14c,60,NULL,STORE,2017-03-24,NULL
ae5b5f3a-10a9-11e7-9c2e-d850e6bdf14c,NULL,"2017-03-24 08:51:01","2017-03-24 08:51:01",ae53eda4-10a9-11e7-9c2e-d850e6bdf14c,0,NULL,STORE,2017-03-24,NULL
ae69591e-10a9-11e7-9c2e-d850e6bdf14c,NULL,"2017-03-24 08:51:01","2017-03-24 08:51:01",ae6254b6-10a9-11e7-9c2e-d850e6bdf14c,0,NULL,STORE,2017-03-24,NULL
ae766c58-10a9-11e7-9c2e-d850e6bdf14c,NULL,"2017-03-24 08:51:02","2017-03-24 08:51:02",ae705502-10a9-11e7-9c2e-d850e6bdf14c,0,NULL,STORE,2017-03-24,NULL
ae845458-10a9-11e7-9c2e-d850e6bdf14c,NULL,"2017-03-24 08:51:02","2017-03-24 08:51:02",ae7e1a7a-10a9-11e7-9c2e-d850e6bdf14c,0,NULL,STORE,2017-03-24,NULL
ae99b334-10a9-11e7-9c2e-d850e6bdf14c,NULL,"2017-03-24 08:51:02","2017-03-24 08:51:02",ae90733c-10a9-11e7-9c2e-d850e6bdf14c,300,NULL,STORE,2017-03-24,NULL
aea90f00-10a9-11e7-9c2e-d850e6bdf14c,NULL,"2017-03-24 08:51:02","2017-03-24 08:51:02",aea2890a-10a9-11e7-9c2e-d850e6bdf14c,0,NULL,STORE,2017-03-24,NULL
aeb5af3a-10a9-11e7-9c2e-d850e6bdf14c,NULL,"2017-03-24 08:51:02","2017-03-24 08:51:02",aeafde20-10a9-11e7-9c2e-d850e6bdf14c,0,NULL,STORE,2017-03-24,NULL
aec25406-10a9-11e7-9c2e-d850e6bdf14c,NULL,"2017-03-24 08:51:02","2017-03-24 08:51:02",aebccd10-10a9-11e7-9c2e-d850e6bdf14c,540,NULL,STORE,2017-03-24,NULL
aed03710-10a9-11e7-9c2e-d850e6bdf14c,NULL,"2017-03-24 08:51:02","2017-03-24 08:51:02",aecadab8-10a9-11e7-9c2e-d850e6bdf14c,0,NULL,STORE,2017-03-24,NULL
aedceb54-10a9-11e7-9c2e-d850e6bdf14c,NULL,"2017-03-24 08:51:02","2017-03-24 08:51:02",aed6b1da-10a9-11e7-9c2e-d850e6bdf14c,300,NULL,STORE,2017-03-24,NULL
aee961cc-10a9-11e7-9c2e-d850e6bdf14c,NULL,"2017-03-24 08:51:02","2017-03-24 08:51:02",aee3c4d8-10a9-11e7-9c2e-d850e6bdf14c,120,NULL,STORE,2017-03-24,NULL
aef6608e-10a9-11e7-9c2e-d850e6bdf14c,NULL,"2017-03-24 08:51:02","2017-03-24 08:51:02",aef03d58-10a9-11e7-9c2e-d850e6bdf14c,300,NULL,STORE,2017-03-24,NULL
af0289fe-10a9-11e7-9c2e-d850e6bdf14c,NULL,"2017-03-24 08:51:02","2017-03-24 08:51:02",aefd1fe6-10a9-11e7-9c2e-d850e6bdf14c,0,NULL,STORE,2017-03-24,NULL
af0fb0fc-10a9-11e7-9c2e-d850e6bdf14c,NULL,"2017-03-24 08:51:03","2017-03-24 08:51:03",af0999e2-10a9-11e7-9c2e-d850e6bdf14c,4,NULL,STORE,2017-03-24,NULL
af1db6ca-10a9-11e7-9c2e-d850e6bdf14c,NULL,"2017-03-24 08:51:03","2017-03-24 08:51:03",af167f4a-10a9-11e7-9c2e-d850e6bdf14c,168,NULL,STORE,2017-03-24,NULL
af2d04fe-10a9-11e7-9c2e-d850e6bdf14c,NULL,"2017-03-24 08:51:03","2017-03-24 08:51:03",af25899a-10a9-11e7-9c2e-d850e6bdf14c,0,NULL,STORE,2017-03-24,NULL
af3ac18e-10a9-11e7-9c2e-d850e6bdf14c,NULL,"2017-03-24 08:51:03","2017-03-24 08:51:03",af348058-10a9-11e7-9c2e-d850e6bdf14c,0,NULL,STORE,2017-03-24,NULL
af470d54-10a9-11e7-9c2e-d850e6bdf14c,NULL,"2017-03-24 08:51:03","2017-03-24 08:51:03",af41b534-10a9-11e7-9c2e-d850e6bdf14c,0,NULL,STORE,2017-03-24,NULL
af5428c2-10a9-11e7-9c2e-d850e6bdf14c,NULL,"2017-03-24 08:51:03","2017-03-24 08:51:03",af4e07da-10a9-11e7-9c2e-d850e6bdf14c,177,NULL,STORE,2017-03-24,NULL
af645602-10a9-11e7-9c2e-d850e6bdf14c,NULL,"2017-03-24 08:51:03","2017-03-24 08:51:03",af5d4556-10a9-11e7-9c2e-d850e6bdf14c,0,NULL,STORE,2017-03-24,NULL
af72c75a-10a9-11e7-9c2e-d850e6bdf14c,NULL,"2017-03-24 08:51:03","2017-03-24 08:51:03",af6b58c6-10a9-11e7-9c2e-d850e6bdf14c,208,NULL,STORE,2017-03-24,NULL
af7fbd5c-10a9-11e7-9c2e-d850e6bdf14c,NULL,"2017-03-24 08:51:03","2017-03-24 08:51:03",af79ca28-10a9-11e7-9c2e-d850e6bdf14c,110,NULL,STORE,2017-03-24,NULL
af8c44c8-10a9-11e7-9c2e-d850e6bdf14c,NULL,"2017-03-24 08:51:03","2017-03-24 08:51:03",af86abee-10a9-11e7-9c2e-d850e6bdf14c,30,NULL,STORE,2017-03-24,NULL
af993070-10a9-11e7-9c2e-d850e6bdf14c,NULL,"2017-03-24 08:51:03","2017-03-24 08:51:03",af93621c-10a9-11e7-9c2e-d850e6bdf14c,70,NULL,STORE,2017-03-24,NULL
afa5fb34-10a9-11e7-9c2e-d850e6bdf14c,NULL,"2017-03-24 08:51:04","2017-03-24 08:51:04",af9fcd04-10a9-11e7-9c2e-d850e6bdf14c,78,NULL,STORE,2017-03-24,NULL
afb2602c-10a9-11e7-9c2e-d850e6bdf14c,NULL,"2017-03-24 08:51:04","2017-03-24 08:51:04",afac70ae-10a9-11e7-9c2e-d850e6bdf14c,144,NULL,STORE,2017-03-24,NULL
afbf859a-10a9-11e7-9c2e-d850e6bdf14c,NULL,"2017-03-24 08:51:04","2017-03-24 08:51:04",afb927ea-10a9-11e7-9c2e-d850e6bdf14c,75,NULL,STORE,2017-03-24,NULL
afcbcfee-10a9-11e7-9c2e-d850e6bdf14c,NULL,"2017-03-24 08:51:04","2017-03-24 08:51:04",afc63110-10a9-11e7-9c2e-d850e6bdf14c,0,NULL,STORE,2017-03-24,NULL
afdb2fac-10a9-11e7-9c2e-d850e6bdf14c,NULL,"2017-03-24 08:51:04","2017-03-24 08:51:04",afd2d8b6-10a9-11e7-9c2e-d850e6bdf14c,50,NULL,STORE,2017-03-24,NULL
afecb9d4-10a9-11e7-9c2e-d850e6bdf14c,NULL,"2017-03-24 08:51:04","2017-03-24 08:51:04",afe4b90a-10a9-11e7-9c2e-d850e6bdf14c,1000,NULL,STORE,2017-03-24,NULL
affb2014-10a9-11e7-9c2e-d850e6bdf14c,NULL,"2017-03-24 08:51:04","2017-03-24 08:51:04",aff51eb2-10a9-11e7-9c2e-d850e6bdf14c,480,NULL,STORE,2017-03-24,NULL
b007b022-10a9-11e7-9c2e-d850e6bdf14c,NULL,"2017-03-24 08:51:04","2017-03-24 08:51:04",b00222a6-10a9-11e7-9c2e-d850e6bdf14c,0,NULL,STORE,2017-03-24,NULL
b01462ea-10a9-11e7-9c2e-d850e6bdf14c,NULL,"2017-03-24 08:51:04","2017-03-24 08:51:04",b00e6e26-10a9-11e7-9c2e-d850e6bdf14c,0,NULL,STORE,2017-03-24,NULL
b020e8d0-10a9-11e7-9c2e-d850e6bdf14c,NULL,"2017-03-24 08:51:04","2017-03-24 08:51:04",b01b9132-10a9-11e7-9c2e-d850e6bdf14c,20,NULL,STORE,2017-03-24,NULL
b02f90f6-10a9-11e7-9c2e-d850e6bdf14c,NULL,"2017-03-24 08:51:04","2017-03-24 08:51:04",b027f2e2-10a9-11e7-9c2e-d850e6bdf14c,20,NULL,STORE,2017-03-24,NULL
b03d32ba-10a9-11e7-9c2e-d850e6bdf14c,NULL,"2017-03-24 08:51:05","2017-03-24 08:51:05",b036d78a-10a9-11e7-9c2e-d850e6bdf14c,0,NULL,STORE,2017-03-24,NULL
b04952e8-10a9-11e7-9c2e-d850e6bdf14c,NULL,"2017-03-24 08:51:05","2017-03-24 08:51:05",b043f06e-10a9-11e7-9c2e-d850e6bdf14c,0,NULL,STORE,2017-03-24,NULL
b0566992-10a9-11e7-9c2e-d850e6bdf14c,NULL,"2017-03-24 08:51:05","2017-03-24 08:51:05",b0506cae-10a9-11e7-9c2e-d850e6bdf14c,50,NULL,STORE,2017-03-24,NULL
b067f4c8-10a9-11e7-9c2e-d850e6bdf14c,NULL,"2017-03-24 08:51:05","2017-03-24 08:51:05",b05d6e36-10a9-11e7-9c2e-d850e6bdf14c,0,NULL,STORE,2017-03-24,NULL
b074c1ee-10a9-11e7-9c2e-d850e6bdf14c,NULL,"2017-03-24 08:51:05","2017-03-24 08:51:05",b06eaed0-10a9-11e7-9c2e-d850e6bdf14c,22,NULL,STORE,2017-03-24,NULL
b08147ca-10a9-11e7-9c2e-d850e6bdf14c,NULL,"2017-03-24 08:51:05","2017-03-24 08:51:05",b07ba9be-10a9-11e7-9c2e-d850e6bdf14c,0,NULL,STORE,2017-03-24,NULL
b08f81d2-10a9-11e7-9c2e-d850e6bdf14c,NULL,"2017-03-24 08:51:05","2017-03-24 08:51:05",b08831a2-10a9-11e7-9c2e-d850e6bdf14c,0,NULL,STORE,2017-03-24,NULL
b09bb74a-10a9-11e7-9c2e-d850e6bdf14c,NULL,"2017-03-24 08:51:05","2017-03-24 08:51:05",b0965728-10a9-11e7-9c2e-d850e6bdf14c,28,NULL,STORE,2017-03-24,NULL
b0a9cff6-10a9-11e7-9c2e-d850e6bdf14c,NULL,"2017-03-24 08:51:05","2017-03-24 08:51:05",b0a2c85a-10a9-11e7-9c2e-d850e6bdf14c,0,NULL,STORE,2017-03-24,NULL
b0b7c58e-10a9-11e7-9c2e-d850e6bdf14c,NULL,"2017-03-24 08:51:05","2017-03-24 08:51:05",b0b0c004-10a9-11e7-9c2e-d850e6bdf14c,0,NULL,STORE,2017-03-24,NULL
b0c4bc80-10a9-11e7-9c2e-d850e6bdf14c,NULL,"2017-03-24 08:51:05","2017-03-24 08:51:05",b0beb7e0-10a9-11e7-9c2e-d850e6bdf14c,0,NULL,STORE,2017-03-24,NULL
b0d11b4c-10a9-11e7-9c2e-d850e6bdf14c,NULL,"2017-03-24 08:51:06","2017-03-24 08:51:06",b0cb9bae-10a9-11e7-9c2e-d850e6bdf14c,20,NULL,STORE,2017-03-24,NULL
b0de3034-10a9-11e7-9c2e-d850e6bdf14c,NULL,"2017-03-24 08:51:06","2017-03-24 08:51:06",b0d80bdc-10a9-11e7-9c2e-d850e6bdf14c,0,NULL,STORE,2017-03-24,NULL
b0ea6bd8-10a9-11e7-9c2e-d850e6bdf14c,NULL,"2017-03-24 08:51:06","2017-03-24 08:51:06",b0e4f1c6-10a9-11e7-9c2e-d850e6bdf14c,49,NULL,STORE,2017-03-24,NULL
b0f76748-10a9-11e7-9c2e-d850e6bdf14c,NULL,"2017-03-24 08:51:06","2017-03-24 08:51:06",b0f19e26-10a9-11e7-9c2e-d850e6bdf14c,22,NULL,STORE,2017-03-24,NULL
b105ef70-10a9-11e7-9c2e-d850e6bdf14c,NULL,"2017-03-24 08:51:06","2017-03-24 08:51:06",b0fede42-10a9-11e7-9c2e-d850e6bdf14c,24,NULL,STORE,2017-03-24,NULL
b115cdbe-10a9-11e7-9c2e-d850e6bdf14c,NULL,"2017-03-24 08:51:06","2017-03-24 08:51:06",b10f1af0-10a9-11e7-9c2e-d850e6bdf14c,22,NULL,STORE,2017-03-24,NULL
b1228ee6-10a9-11e7-9c2e-d850e6bdf14c,NULL,"2017-03-24 08:51:06","2017-03-24 08:51:06",b11c70f6-10a9-11e7-9c2e-d850e6bdf14c,28,NULL,STORE,2017-03-24,NULL
b127c276-10b3-11e7-9c2e-d850e6bdf14c,NULL,"2017-03-24 10:02:41","2017-03-24 10:02:41",7f941afc-10b3-11e7-9c2e-d850e6bdf14c,10,"PACKING FROM CHINA",STORE,2017-03-23,NO.36
b12ee330-10a9-11e7-9c2e-d850e6bdf14c,NULL,"2017-03-24 08:51:06","2017-03-24 08:51:06",b12982dc-10a9-11e7-9c2e-d850e6bdf14c,0,NULL,STORE,2017-03-24,NULL
b13be332-10a9-11e7-9c2e-d850e6bdf14c,NULL,"2017-03-24 08:51:06","2017-03-24 08:51:06",b135cb8c-10a9-11e7-9c2e-d850e6bdf14c,0,NULL,STORE,2017-03-24,NULL
b1485450-10a9-11e7-9c2e-d850e6bdf14c,NULL,"2017-03-24 08:51:06","2017-03-24 08:51:06",b142c29c-10a9-11e7-9c2e-d850e6bdf14c,0,NULL,STORE,2017-03-24,NULL
b1558c74-10a9-11e7-9c2e-d850e6bdf14c,NULL,"2017-03-24 08:51:06","2017-03-24 08:51:06",b14f3ed2-10a9-11e7-9c2e-d850e6bdf14c,0,NULL,STORE,2017-03-24,NULL
b162d30c-10a9-11e7-9c2e-d850e6bdf14c,NULL,"2017-03-24 08:51:06","2017-03-24 08:51:06",b15c80ec-10a9-11e7-9c2e-d850e6bdf14c,28,NULL,STORE,2017-03-24,NULL
b16efcb8-10a9-11e7-9c2e-d850e6bdf14c,NULL,"2017-03-24 08:51:07","2017-03-24 08:51:07",b16989d6-10a9-11e7-9c2e-d850e6bdf14c,24,NULL,STORE,2017-03-24,NULL
b17bf076-10a9-11e7-9c2e-d850e6bdf14c,NULL,"2017-03-24 08:51:07","2017-03-24 08:51:07",b1760ecc-10a9-11e7-9c2e-d850e6bdf14c,0,NULL,STORE,2017-03-24,NULL
b1885000-10a9-11e7-9c2e-d850e6bdf14c,NULL,"2017-03-24 08:51:07","2017-03-24 08:51:07",b182d92c-10a9-11e7-9c2e-d850e6bdf14c,0,NULL,STORE,2017-03-24,NULL
b19612bc-10a9-11e7-9c2e-d850e6bdf14c,NULL,"2017-03-24 08:51:07","2017-03-24 08:51:07",b18f1af2-10a9-11e7-9c2e-d850e6bdf14c,0,NULL,STORE,2017-03-24,NULL
b1a59b56-10a9-11e7-9c2e-d850e6bdf14c,NULL,"2017-03-24 08:51:07","2017-03-24 08:51:07",b19e9bb2-10a9-11e7-9c2e-d850e6bdf14c,24,NULL,STORE,2017-03-24,NULL
b1b3af0c-10a9-11e7-9c2e-d850e6bdf14c,NULL,"2017-03-24 08:51:07","2017-03-24 08:51:07",b1ac96b8-10a9-11e7-9c2e-d850e6bdf14c,0,NULL,STORE,2017-03-24,NULL
b1c2cae6-10a9-11e7-9c2e-d850e6bdf14c,NULL,"2017-03-24 08:51:07","2017-03-24 08:51:07",b1bc6304-10a9-11e7-9c2e-d850e6bdf14c,22,NULL,STORE,2017-03-24,NULL
b1d15ef8-10a9-11e7-9c2e-d850e6bdf14c,NULL,"2017-03-24 08:51:07","2017-03-24 08:51:07",b1ca51b2-10a9-11e7-9c2e-d850e6bdf14c,16,NULL,STORE,2017-03-24,NULL
b1de4a1e-10a9-11e7-9c2e-d850e6bdf14c,NULL,"2017-03-24 08:51:07","2017-03-24 08:51:07",b1d86acc-10a9-11e7-9c2e-d850e6bdf14c,0,NULL,STORE,2017-03-24,NULL
b1eaf0de-10a9-11e7-9c2e-d850e6bdf14c,NULL,"2017-03-24 08:51:07","2017-03-24 08:51:07",b1e572ee-10a9-11e7-9c2e-d850e6bdf14c,50,NULL,STORE,2017-03-24,NULL
b1f7c4da-10a9-11e7-9c2e-d850e6bdf14c,NULL,"2017-03-24 08:51:07","2017-03-24 08:51:07",b1f1da70-10a9-11e7-9c2e-d850e6bdf14c,28,NULL,STORE,2017-03-24,NULL
b205169e-10a9-11e7-9c2e-d850e6bdf14c,NULL,"2017-03-24 08:51:08","2017-03-24 08:51:08",b1fed3d8-10a9-11e7-9c2e-d850e6bdf14c,0,NULL,STORE,2017-03-24,NULL
b2119bda-10a9-11e7-9c2e-d850e6bdf14c,NULL,"2017-03-24 08:51:08","2017-03-24 08:51:08",b20bf5a4-10a9-11e7-9c2e-d850e6bdf14c,0,NULL,STORE,2017-03-24,NULL
b224a2f2-10a9-11e7-9c2e-d850e6bdf14c,NULL,"2017-03-24 08:51:08","2017-03-24 08:51:08",b21e9970-10a9-11e7-9c2e-d850e6bdf14c,0,NULL,STORE,2017-03-24,NULL
b232d3e0-10a9-11e7-9c2e-d850e6bdf14c,NULL,"2017-03-24 08:51:08","2017-03-24 08:51:08",b22c4322-10a9-11e7-9c2e-d850e6bdf14c,0,NULL,STORE,2017-03-24,NULL
b2405308-10a9-11e7-9c2e-d850e6bdf14c,NULL,"2017-03-24 08:51:08","2017-03-24 08:51:08",b23a7654-10a9-11e7-9c2e-d850e6bdf14c,0,NULL,STORE,2017-03-24,NULL
b24e6cd6-10a9-11e7-9c2e-d850e6bdf14c,NULL,"2017-03-24 08:51:08","2017-03-24 08:51:08",b24764f4-10a9-11e7-9c2e-d850e6bdf14c,22,NULL,STORE,2017-03-24,NULL
b25c7e02-10a9-11e7-9c2e-d850e6bdf14c,NULL,"2017-03-24 08:51:08","2017-03-24 08:51:08",b256c188-10a9-11e7-9c2e-d850e6bdf14c,0,NULL,STORE,2017-03-24,NULL
b26c5304-10a9-11e7-9c2e-d850e6bdf14c,NULL,"2017-03-24 08:51:08","2017-03-24 08:51:08",b266d9f6-10a9-11e7-9c2e-d850e6bdf14c,0,NULL,STORE,2017-03-24,NULL
b27e5658-10a9-11e7-9c2e-d850e6bdf14c,NULL,"2017-03-24 08:51:08","2017-03-24 08:51:08",b275a2b0-10a9-11e7-9c2e-d850e6bdf14c,20,NULL,STORE,2017-03-24,NULL
b28f967a-10a9-11e7-9c2e-d850e6bdf14c,NULL,"2017-03-24 08:51:08","2017-03-24 08:51:08",b2889d70-10a9-11e7-9c2e-d850e6bdf14c,26,NULL,STORE,2017-03-24,NULL
b2a295e0-10a9-11e7-9c2e-d850e6bdf14c,NULL,"2017-03-24 08:51:09","2017-03-24 08:51:09",b29b055a-10a9-11e7-9c2e-d850e6bdf14c,0,NULL,STORE,2017-03-24,NULL
b2b332f6-10a9-11e7-9c2e-d850e6bdf14c,NULL,"2017-03-24 08:51:09","2017-03-24 08:51:09",b2abdeac-10a9-11e7-9c2e-d850e6bdf14c,24,NULL,STORE,2017-03-24,NULL
b2c1c258-10a9-11e7-9c2e-d850e6bdf14c,NULL,"2017-03-24 08:51:09","2017-03-24 08:51:09",b2ba64f4-10a9-11e7-9c2e-d850e6bdf14c,2,NULL,STORE,2017-03-24,NULL
b2cf0cc4-10a9-11e7-9c2e-d850e6bdf14c,NULL,"2017-03-24 08:51:09","2017-03-24 08:51:09",b2c8d944-10a9-11e7-9c2e-d850e6bdf14c,86,NULL,STORE,2017-03-24,NULL
b2dff3c2-10a9-11e7-9c2e-d850e6bdf14c,"2017-03-24 09:29:40","2017-03-24 08:51:09","2017-03-24 09:29:40",b2d80f22-10a9-11e7-9c2e-d850e6bdf14c,200,NULL,STORE,2017-03-24,NULL
b2f2763c-10a9-11e7-9c2e-d850e6bdf14c,NULL,"2017-03-24 08:51:09","2017-03-24 08:51:09",b2e9dd56-10a9-11e7-9c2e-d850e6bdf14c,0,NULL,STORE,2017-03-24,NULL
b3041f7c-10a9-11e7-9c2e-d850e6bdf14c,NULL,"2017-03-24 08:51:09","2017-03-24 08:51:09",b2fcb0de-10a9-11e7-9c2e-d850e6bdf14c,100,NULL,STORE,2017-03-24,NULL
b315adbe-10a9-11e7-9c2e-d850e6bdf14c,NULL,"2017-03-24 08:51:09","2017-03-24 08:51:09",b30dedd6-10a9-11e7-9c2e-d850e6bdf14c,0,NULL,STORE,2017-03-24,NULL
b32968a4-10a9-11e7-9c2e-d850e6bdf14c,NULL,"2017-03-24 08:51:09","2017-03-24 08:51:09",b3210e20-10a9-11e7-9c2e-d850e6bdf14c,116,NULL,STORE,2017-03-24,NULL
b33a257c-10a9-11e7-9c2e-d850e6bdf14c,NULL,"2017-03-24 08:51:10","2017-03-24 08:51:10",b3317e0e-10a9-11e7-9c2e-d850e6bdf14c,5,NULL,STORE,2017-03-24,NULL
b34c832a-10a9-11e7-9c2e-d850e6bdf14c,NULL,"2017-03-24 08:51:10","2017-03-24 08:51:10",b34397e2-10a9-11e7-9c2e-d850e6bdf14c,30,NULL,STORE,2017-03-24,NULL
b36040b8-10a9-11e7-9c2e-d850e6bdf14c,NULL,"2017-03-24 08:51:10","2017-03-24 08:51:10",b3553740-10a9-11e7-9c2e-d850e6bdf14c,5,NULL,STORE,2017-03-24,NULL
b38148c6-10a9-11e7-9c2e-d850e6bdf14c,NULL,"2017-03-24 08:51:10","2017-03-24 08:51:10",b36f3294-10a9-11e7-9c2e-d850e6bdf14c,70,NULL,STORE,2017-03-24,NULL
b398988c-10a9-11e7-9c2e-d850e6bdf14c,NULL,"2017-03-24 08:51:10","2017-03-24 08:51:10",b38bed26-10a9-11e7-9c2e-d850e6bdf14c,30,NULL,STORE,2017-03-24,NULL
b3b33a3e-10a9-11e7-9c2e-d850e6bdf14c,NULL,"2017-03-24 08:51:10","2017-03-24 08:51:10",b3a6a4ea-10a9-11e7-9c2e-d850e6bdf14c,5,NULL,STORE,2017-03-24,NULL
b3c6c748-10a9-11e7-9c2e-d850e6bdf14c,NULL,"2017-03-24 08:51:10","2017-03-24 08:51:10",b3bd9d94-10a9-11e7-9c2e-d850e6bdf14c,5,NULL,STORE,2017-03-24,NULL
b3da2b8a-10a9-11e7-9c2e-d850e6bdf14c,NULL,"2017-03-24 08:51:11","2017-03-24 08:51:11",b3d19e8e-10a9-11e7-9c2e-d850e6bdf14c,0,NULL,STORE,2017-03-24,NULL
b3eaf744-10a9-11e7-9c2e-d850e6bdf14c,NULL,"2017-03-24 08:51:11","2017-03-24 08:51:11",b3e354e4-10a9-11e7-9c2e-d850e6bdf14c,0,NULL,STORE,2017-03-24,NULL
b400f3fa-10a9-11e7-9c2e-d850e6bdf14c,NULL,"2017-03-24 08:51:11","2017-03-24 08:51:11",b3f818e8-10a9-11e7-9c2e-d850e6bdf14c,5,NULL,STORE,2017-03-24,NULL
b4114a7a-10a9-11e7-9c2e-d850e6bdf14c,NULL,"2017-03-24 08:51:11","2017-03-24 08:51:11",b40a6b88-10a9-11e7-9c2e-d850e6bdf14c,40,NULL,STORE,2017-03-24,NULL
b425c068-10a9-11e7-9c2e-d850e6bdf14c,NULL,"2017-03-24 08:51:11","2017-03-24 08:51:11",b41d0c52-10a9-11e7-9c2e-d850e6bdf14c,40,NULL,STORE,2017-03-24,NULL
b4368c22-10a9-11e7-9c2e-d850e6bdf14c,NULL,"2017-03-24 08:51:11","2017-03-24 08:51:11",b42f5ee8-10a9-11e7-9c2e-d850e6bdf14c,300,NULL,STORE,2017-03-24,NULL
b449a226-10a9-11e7-9c2e-d850e6bdf14c,NULL,"2017-03-24 08:51:11","2017-03-24 08:51:11",b43fdc82-10a9-11e7-9c2e-d850e6bdf14c,0,NULL,STORE,2017-03-24,NULL
b45dda8e-10a9-11e7-9c2e-d850e6bdf14c,NULL,"2017-03-24 08:51:11","2017-03-24 08:51:11",b456d482-10a9-11e7-9c2e-d850e6bdf14c,100,NULL,STORE,2017-03-24,NULL
b470c996-10a9-11e7-9c2e-d850e6bdf14c,NULL,"2017-03-24 08:51:12","2017-03-24 08:51:12",b4668ea4-10a9-11e7-9c2e-d850e6bdf14c,38,NULL,STORE,2017-03-24,NULL
b482a6e8-10a9-11e7-9c2e-d850e6bdf14c,NULL,"2017-03-24 08:51:12","2017-03-24 08:51:12",b47b047e-10a9-11e7-9c2e-d850e6bdf14c,82,NULL,STORE,2017-03-24,NULL
b4940f0a-10a9-11e7-9c2e-d850e6bdf14c,NULL,"2017-03-24 08:51:12","2017-03-24 08:51:12",b48c93ba-10a9-11e7-9c2e-d850e6bdf14c,0,NULL,STORE,2017-03-24,NULL
b4a6afd4-10a9-11e7-9c2e-d850e6bdf14c,NULL,"2017-03-24 08:51:12","2017-03-24 08:51:12",b49d1154-10a9-11e7-9c2e-d850e6bdf14c,60,NULL,STORE,2017-03-24,NULL
b4b7064a-10a9-11e7-9c2e-d850e6bdf14c,NULL,"2017-03-24 08:51:12","2017-03-24 08:51:12",b4af8af0-10a9-11e7-9c2e-d850e6bdf14c,40,NULL,STORE,2017-03-24,NULL
b4c70e96-10a9-11e7-9c2e-d850e6bdf14c,NULL,"2017-03-24 08:51:12","2017-03-24 08:51:12",b4bfe17a-10a9-11e7-9c2e-d850e6bdf14c,15,NULL,STORE,2017-03-24,NULL
b4ddcec4-10a9-11e7-9c2e-d850e6bdf14c,NULL,"2017-03-24 08:51:12","2017-03-24 08:51:12",b4d0fb54-10a9-11e7-9c2e-d850e6bdf14c,3,NULL,STORE,2017-03-24,NULL
b4f83912-10a9-11e7-9c2e-d850e6bdf14c,NULL,"2017-03-24 08:51:12","2017-03-24 08:51:12",b4ec9e54-10a9-11e7-9c2e-d850e6bdf14c,200,NULL,STORE,2017-03-24,NULL
b50a3d92-10a9-11e7-9c2e-d850e6bdf14c,NULL,"2017-03-24 08:51:13","2017-03-24 08:51:13",b501d7b0-10a9-11e7-9c2e-d850e6bdf14c,0,NULL,STORE,2017-03-24,NULL
b52e9494-10a9-11e7-9c2e-d850e6bdf14c,NULL,"2017-03-24 08:51:13","2017-03-24 08:51:13",b520616c-10a9-11e7-9c2e-d850e6bdf14c,0,NULL,STORE,2017-03-24,NULL
b5566ec4-10a9-11e7-9c2e-d850e6bdf14c,NULL,"2017-03-24 08:51:13","2017-03-24 08:51:13",b53992f4-10a9-11e7-9c2e-d850e6bdf14c,200,NULL,STORE,2017-03-24,NULL
b5664ff6-10a9-11e7-9c2e-d850e6bdf14c,NULL,"2017-03-24 08:51:13","2017-03-24 08:51:13",b55f70f0-10a9-11e7-9c2e-d850e6bdf14c,100,NULL,STORE,2017-03-24,NULL
b574aa42-10a9-11e7-9c2e-d850e6bdf14c,NULL,"2017-03-24 08:51:13","2017-03-24 08:51:13",b56d5602-10a9-11e7-9c2e-d850e6bdf14c,0,NULL,STORE,2017-03-24,NULL
b5826844-10a9-11e7-9c2e-d850e6bdf14c,NULL,"2017-03-24 08:51:13","2017-03-24 08:51:13",b57b8934-10a9-11e7-9c2e-d850e6bdf14c,0,NULL,STORE,2017-03-24,NULL
b58f0518-10a9-11e7-9c2e-d850e6bdf14c,NULL,"2017-03-24 08:51:13","2017-03-24 08:51:13",b588fb32-10a9-11e7-9c2e-d850e6bdf14c,2300,NULL,STORE,2017-03-24,NULL
b59bae44-10a9-11e7-9c2e-d850e6bdf14c,NULL,"2017-03-24 08:51:14","2017-03-24 08:51:14",b5962a8c-10a9-11e7-9c2e-d850e6bdf14c,1000,NULL,STORE,2017-03-24,NULL
b5a96b4c-10a9-11e7-9c2e-d850e6bdf14c,NULL,"2017-03-24 08:51:14","2017-03-24 08:51:14",b5a3c2e6-10a9-11e7-9c2e-d850e6bdf14c,500,NULL,STORE,2017-03-24,NULL
b5b54cde-10d4-11e7-9c2e-d850e6bdf14c,NULL,"2017-03-24 13:59:02","2017-03-24 13:59:02",5444cace-10d4-11e7-9c2e-d850e6bdf14c,50,18518,STORE,2017-03-21,"LOCAL CSS"
b5b683d6-10a9-11e7-9c2e-d850e6bdf14c,NULL,"2017-03-24 08:51:14","2017-03-24 08:51:14",b5b05916-10a9-11e7-9c2e-d850e6bdf14c,2200,NULL,STORE,2017-03-24,NULL
b5c393dc-10a9-11e7-9c2e-d850e6bdf14c,NULL,"2017-03-24 08:51:14","2017-03-24 08:51:14",b5bd85aa-10a9-11e7-9c2e-d850e6bdf14c,0,NULL,STORE,2017-03-24,NULL
b5d02778-10a9-11e7-9c2e-d850e6bdf14c,NULL,"2017-03-24 08:51:14","2017-03-24 08:51:14",b5ca6702-10a9-11e7-9c2e-d850e6bdf14c,100,NULL,STORE,2017-03-24,NULL
b5dd5dd0-10a9-11e7-9c2e-d850e6bdf14c,NULL,"2017-03-24 08:51:14","2017-03-24 08:51:14",b5d702e6-10a9-11e7-9c2e-d850e6bdf14c,100,NULL,STORE,2017-03-24,NULL
b5e9e348-10a9-11e7-9c2e-d850e6bdf14c,NULL,"2017-03-24 08:51:14","2017-03-24 08:51:14",b5e43c54-10a9-11e7-9c2e-d850e6bdf14c,0,NULL,STORE,2017-03-24,NULL
b5e9f862-11b0-11e7-82e3-d850e6bdf14c,NULL,"2017-03-25 16:13:52","2017-03-25 16:13:52",a7c7d64e-10a9-11e7-9c2e-d850e6bdf14c,18,0966,RETRIEVE,2017-03-25,"out by dave"
b5f6ca0e-10a9-11e7-9c2e-d850e6bdf14c,NULL,"2017-03-24 08:51:14","2017-03-24 08:51:14",b5f0ea8a-10a9-11e7-9c2e-d850e6bdf14c,0,NULL,STORE,2017-03-24,NULL
b6065190-10a9-11e7-9c2e-d850e6bdf14c,NULL,"2017-03-24 08:51:14","2017-03-24 08:51:14",b5fdb08a-10a9-11e7-9c2e-d850e6bdf14c,30,NULL,STORE,2017-03-24,NULL
b626e996-10a9-11e7-9c2e-d850e6bdf14c,NULL,"2017-03-24 08:51:14","2017-03-24 08:51:14",b61bac02-10a9-11e7-9c2e-d850e6bdf14c,0,NULL,STORE,2017-03-24,NULL
b63966fc-10a9-11e7-9c2e-d850e6bdf14c,NULL,"2017-03-24 08:51:15","2017-03-24 08:51:15",b6308be0-10a9-11e7-9c2e-d850e6bdf14c,284,NULL,STORE,2017-03-24,NULL
b6467afe-10a9-11e7-9c2e-d850e6bdf14c,NULL,"2017-03-24 08:51:15","2017-03-24 08:51:15",b6405f70-10a9-11e7-9c2e-d850e6bdf14c,204,NULL,STORE,2017-03-24,NULL
b65353f0-10a9-11e7-9c2e-d850e6bdf14c,NULL,"2017-03-24 08:51:15","2017-03-24 08:51:15",b64dab26-10a9-11e7-9c2e-d850e6bdf14c,0,NULL,STORE,2017-03-24,NULL
b66040b0-10a9-11e7-9c2e-d850e6bdf14c,NULL,"2017-03-24 08:51:15","2017-03-24 08:51:15",b65a81f2-10a9-11e7-9c2e-d850e6bdf14c,50,NULL,STORE,2017-03-24,NULL
b66e326a-10a9-11e7-9c2e-d850e6bdf14c,NULL,"2017-03-24 08:51:15","2017-03-24 08:51:15",b6688c3e-10a9-11e7-9c2e-d850e6bdf14c,150,NULL,STORE,2017-03-24,NULL
b67b51de-10a9-11e7-9c2e-d850e6bdf14c,NULL,"2017-03-24 08:51:15","2017-03-24 08:51:15",b67537c2-10a9-11e7-9c2e-d850e6bdf14c,145,NULL,STORE,2017-03-24,NULL
b687f010-10a9-11e7-9c2e-d850e6bdf14c,NULL,"2017-03-24 08:51:15","2017-03-24 08:51:15",b682464c-10a9-11e7-9c2e-d850e6bdf14c,0,NULL,STORE,2017-03-24,NULL
b694d6b8-10a9-11e7-9c2e-d850e6bdf14c,NULL,"2017-03-24 08:51:15","2017-03-24 08:51:15",b68f6926-10a9-11e7-9c2e-d850e6bdf14c,0,NULL,STORE,2017-03-24,NULL
b6a1f730-10a9-11e7-9c2e-d850e6bdf14c,NULL,"2017-03-24 08:51:15","2017-03-24 08:51:15",b69bdfd0-10a9-11e7-9c2e-d850e6bdf14c,50,NULL,STORE,2017-03-24,NULL
b6ae8e78-10a9-11e7-9c2e-d850e6bdf14c,NULL,"2017-03-24 08:51:15","2017-03-24 08:51:15",b6a8fb3e-10a9-11e7-9c2e-d850e6bdf14c,60,NULL,STORE,2017-03-24,NULL
b6bb8fba-10a9-11e7-9c2e-d850e6bdf14c,NULL,"2017-03-24 08:51:15","2017-03-24 08:51:15",b6b58688-10a9-11e7-9c2e-d850e6bdf14c,60,NULL,STORE,2017-03-24,NULL
b6c8912e-10a9-11e7-9c2e-d850e6bdf14c,NULL,"2017-03-24 08:51:16","2017-03-24 08:51:16",b6c29eae-10a9-11e7-9c2e-d850e6bdf14c,60,NULL,STORE,2017-03-24,NULL
b6d9c07a-10a9-11e7-9c2e-d850e6bdf14c,NULL,"2017-03-24 08:51:16","2017-03-24 08:51:16",b6cfaee6-10a9-11e7-9c2e-d850e6bdf14c,60,NULL,STORE,2017-03-24,NULL
b6e6e8ae-10a9-11e7-9c2e-d850e6bdf14c,NULL,"2017-03-24 08:51:16","2017-03-24 08:51:16",b6e0910c-10a9-11e7-9c2e-d850e6bdf14c,114,NULL,STORE,2017-03-24,NULL
b6f3bd54-10a9-11e7-9c2e-d850e6bdf14c,NULL,"2017-03-24 08:51:16","2017-03-24 08:51:16",b6edd1b4-10a9-11e7-9c2e-d850e6bdf14c,0,NULL,STORE,2017-03-24,NULL
b700724c-10a9-11e7-9c2e-d850e6bdf14c,NULL,"2017-03-24 08:51:16","2017-03-24 08:51:16",b6fae372-10a9-11e7-9c2e-d850e6bdf14c,102,NULL,STORE,2017-03-24,NULL
b70d9c10-10a9-11e7-9c2e-d850e6bdf14c,NULL,"2017-03-24 08:51:16","2017-03-24 08:51:16",b707639a-10a9-11e7-9c2e-d850e6bdf14c,0,NULL,STORE,2017-03-24,NULL
b71a3d3a-10a9-11e7-9c2e-d850e6bdf14c,NULL,"2017-03-24 08:51:16","2017-03-24 08:51:16",b714ba36-10a9-11e7-9c2e-d850e6bdf14c,0,NULL,STORE,2017-03-24,NULL
b72ab64c-10a9-11e7-9c2e-d850e6bdf14c,NULL,"2017-03-24 08:51:16","2017-03-24 08:51:16",b72112ea-10a9-11e7-9c2e-d850e6bdf14c,0,NULL,STORE,2017-03-24,NULL
b74945c6-10a9-11e7-9c2e-d850e6bdf14c,NULL,"2017-03-24 08:51:16","2017-03-24 08:51:16",b7431944-10a9-11e7-9c2e-d850e6bdf14c,100,NULL,STORE,2017-03-24,NULL
b755e22c-10a9-11e7-9c2e-d850e6bdf14c,NULL,"2017-03-24 08:51:16","2017-03-24 08:51:16",b7501496-10a9-11e7-9c2e-d850e6bdf14c,0,NULL,STORE,2017-03-24,NULL
b762a728-10a9-11e7-9c2e-d850e6bdf14c,NULL,"2017-03-24 08:51:17","2017-03-24 08:51:17",b75c9a7c-10a9-11e7-9c2e-d850e6bdf14c,620,NULL,STORE,2017-03-24,NULL
b76fc8c2-10a9-11e7-9c2e-d850e6bdf14c,NULL,"2017-03-24 08:51:17","2017-03-24 08:51:17",b7698610-10a9-11e7-9c2e-d850e6bdf14c,2593,NULL,STORE,2017-03-24,NULL
b77c5006-10a9-11e7-9c2e-d850e6bdf14c,"2017-03-24 16:38:00","2017-03-24 08:51:17","2017-03-24 16:38:00",b776a23c-10a9-11e7-9c2e-d850e6bdf14c,0,NULL,STORE,2017-03-24,NULL
b78c5492-10a9-11e7-9c2e-d850e6bdf14c,NULL,"2017-03-24 08:51:17","2017-03-24 08:51:17",b7834780-10a9-11e7-9c2e-d850e6bdf14c,80,NULL,STORE,2017-03-24,NULL
b7993004-10a9-11e7-9c2e-d850e6bdf14c,NULL,"2017-03-24 08:51:17","2017-03-24 08:51:17",b792e546-10a9-11e7-9c2e-d850e6bdf14c,0,NULL,STORE,2017-03-24,NULL
b7a7b700-10a9-11e7-9c2e-d850e6bdf14c,NULL,"2017-03-24 08:51:17","2017-03-24 08:51:17",b7a0faa0-10a9-11e7-9c2e-d850e6bdf14c,0,NULL,STORE,2017-03-24,NULL
b7b4efba-10a9-11e7-9c2e-d850e6bdf14c,NULL,"2017-03-24 08:51:17","2017-03-24 08:51:17",b7aeac7c-10a9-11e7-9c2e-d850e6bdf14c,10,NULL,STORE,2017-03-24,NULL
b7c10ae8-10a9-11e7-9c2e-d850e6bdf14c,NULL,"2017-03-24 08:51:17","2017-03-24 08:51:17",b7bb9662-10a9-11e7-9c2e-d850e6bdf14c,1,NULL,STORE,2017-03-24,NULL
b7ce1f26-10a9-11e7-9c2e-d850e6bdf14c,NULL,"2017-03-24 08:51:17","2017-03-24 08:51:17",b7c7f42a-10a9-11e7-9c2e-d850e6bdf14c,0,NULL,STORE,2017-03-24,NULL
b7dabbbe-10a9-11e7-9c2e-d850e6bdf14c,NULL,"2017-03-24 08:51:17","2017-03-24 08:51:17",b7d50ea8-10a9-11e7-9c2e-d850e6bdf14c,0,NULL,STORE,2017-03-24,NULL
b7e7564e-10a9-11e7-9c2e-d850e6bdf14c,NULL,"2017-03-24 08:51:17","2017-03-24 08:51:17",b7e1616c-10a9-11e7-9c2e-d850e6bdf14c,0,NULL,STORE,2017-03-24,NULL
b7f3e4d6-10a9-11e7-9c2e-d850e6bdf14c,NULL,"2017-03-24 08:51:17","2017-03-24 08:51:17",b7ee4f9e-10a9-11e7-9c2e-d850e6bdf14c,0,NULL,STORE,2017-03-24,NULL
b8009e42-10a9-11e7-9c2e-d850e6bdf14c,NULL,"2017-03-24 08:51:18","2017-03-24 08:51:18",b7fb2502-10a9-11e7-9c2e-d850e6bdf14c,3,NULL,STORE,2017-03-24,NULL
b80e8ad4-10a9-11e7-9c2e-d850e6bdf14c,NULL,"2017-03-24 08:51:18","2017-03-24 08:51:18",b807b1f0-10a9-11e7-9c2e-d850e6bdf14c,18,NULL,STORE,2017-03-24,NULL
b829fa6c-10a9-11e7-9c2e-d850e6bdf14c,NULL,"2017-03-24 08:51:18","2017-03-24 08:51:18",b82209ec-10a9-11e7-9c2e-d850e6bdf14c,0,NULL,STORE,2017-03-24,NULL
b836c134-10a9-11e7-9c2e-d850e6bdf14c,NULL,"2017-03-24 08:51:18","2017-03-24 08:51:18",b830a8b2-10a9-11e7-9c2e-d850e6bdf14c,30,NULL,STORE,2017-03-24,NULL
b8432762-10a9-11e7-9c2e-d850e6bdf14c,NULL,"2017-03-24 08:51:18","2017-03-24 08:51:18",b83d7402-10a9-11e7-9c2e-d850e6bdf14c,50,NULL,STORE,2017-03-24,NULL
b8503aa6-10a9-11e7-9c2e-d850e6bdf14c,NULL,"2017-03-24 08:51:18","2017-03-24 08:51:18",b849eaf2-10a9-11e7-9c2e-d850e6bdf14c,50,NULL,STORE,2017-03-24,NULL
b86c9782-10a9-11e7-9c2e-d850e6bdf14c,NULL,"2017-03-24 08:51:18","2017-03-24 08:51:18",b859a60e-10a9-11e7-9c2e-d850e6bdf14c,40,NULL,STORE,2017-03-24,NULL
b87c6202-10a9-11e7-9c2e-d850e6bdf14c,NULL,"2017-03-24 08:51:18","2017-03-24 08:51:18",b87571ae-10a9-11e7-9c2e-d850e6bdf14c,50,NULL,STORE,2017-03-24,NULL
b88950fc-10a9-11e7-9c2e-d850e6bdf14c,NULL,"2017-03-24 08:51:18","2017-03-24 08:51:18",b88334c4-10a9-11e7-9c2e-d850e6bdf14c,74,NULL,STORE,2017-03-24,NULL
b89776c8-10a9-11e7-9c2e-d850e6bdf14c,NULL,"2017-03-24 08:51:19","2017-03-24 08:51:19",b8914410-10a9-11e7-9c2e-d850e6bdf14c,60,NULL,STORE,2017-03-24,NULL
b8a7c884-10a9-11e7-9c2e-d850e6bdf14c,NULL,"2017-03-24 08:51:19","2017-03-24 08:51:19",b89ef538-10a9-11e7-9c2e-d850e6bdf14c,60,NULL,STORE,2017-03-24,NULL
b8b6eb20-10a9-11e7-9c2e-d850e6bdf14c,NULL,"2017-03-24 08:51:19","2017-03-24 08:51:19",b8b0f0da-10a9-11e7-9c2e-d850e6bdf14c,240,NULL,STORE,2017-03-24,NULL
b8c675b8-10a9-11e7-9c2e-d850e6bdf14c,NULL,"2017-03-24 08:51:19","2017-03-24 08:51:19",b8bf6426-10a9-11e7-9c2e-d850e6bdf14c,240,NULL,STORE,2017-03-24,NULL
b8d75892-10a9-11e7-9c2e-d850e6bdf14c,NULL,"2017-03-24 08:51:19","2017-03-24 08:51:19",b8d05286-10a9-11e7-9c2e-d850e6bdf14c,0,NULL,STORE,2017-03-24,NULL
b8e85a16-10a9-11e7-9c2e-d850e6bdf14c,NULL,"2017-03-24 08:51:19","2017-03-24 08:51:19",b8e26700-10a9-11e7-9c2e-d850e6bdf14c,0,NULL,STORE,2017-03-24,NULL
b8f6fb3e-10a9-11e7-9c2e-d850e6bdf14c,NULL,"2017-03-24 08:51:19","2017-03-24 08:51:19",b8ef0a78-10a9-11e7-9c2e-d850e6bdf14c,50,NULL,STORE,2017-03-24,NULL
b913985c-10a9-11e7-9c2e-d850e6bdf14c,NULL,"2017-03-24 08:51:19","2017-03-24 08:51:19",b8ff11b6-10a9-11e7-9c2e-d850e6bdf14c,50,NULL,STORE,2017-03-24,NULL
b935a5f0-10a9-11e7-9c2e-d850e6bdf14c,NULL,"2017-03-24 08:51:20","2017-03-24 08:51:20",b92dd71c-10a9-11e7-9c2e-d850e6bdf14c,50,NULL,STORE,2017-03-24,NULL
b946d0fa-10a9-11e7-9c2e-d850e6bdf14c,NULL,"2017-03-24 08:51:20","2017-03-24 08:51:20",b93f285a-10a9-11e7-9c2e-d850e6bdf14c,50,NULL,STORE,2017-03-24,NULL
b95bf78c-10a9-11e7-9c2e-d850e6bdf14c,NULL,"2017-03-24 08:51:20","2017-03-24 08:51:20",b94fbda0-10a9-11e7-9c2e-d850e6bdf14c,8,NULL,STORE,2017-03-24,NULL
b96bc82e-10a9-11e7-9c2e-d850e6bdf14c,NULL,"2017-03-24 08:51:20","2017-03-24 08:51:20",b9645de6-10a9-11e7-9c2e-d850e6bdf14c,30,NULL,STORE,2017-03-24,NULL
b97b9bb4-10a9-11e7-9c2e-d850e6bdf14c,NULL,"2017-03-24 08:51:20","2017-03-24 08:51:20",b9746c22-10a9-11e7-9c2e-d850e6bdf14c,32,NULL,STORE,2017-03-24,NULL
b9897e3c-10a9-11e7-9c2e-d850e6bdf14c,NULL,"2017-03-24 08:51:20","2017-03-24 08:51:20",b9839468-10a9-11e7-9c2e-d850e6bdf14c,204,NULL,STORE,2017-03-24,NULL
b999325a-10a9-11e7-9c2e-d850e6bdf14c,NULL,"2017-03-24 08:51:20","2017-03-24 08:51:20",b9918230-10a9-11e7-9c2e-d850e6bdf14c,0,NULL,STORE,2017-03-24,NULL
b9a8f438-10a9-11e7-9c2e-d850e6bdf14c,NULL,"2017-03-24 08:51:20","2017-03-24 08:51:20",b9a2bf50-10a9-11e7-9c2e-d850e6bdf14c,10,NULL,STORE,2017-03-24,NULL
b9b5d87e-10a9-11e7-9c2e-d850e6bdf14c,NULL,"2017-03-24 08:51:20","2017-03-24 08:51:20",b9afc740-10a9-11e7-9c2e-d850e6bdf14c,0,NULL,STORE,2017-03-24,NULL
b9cc2962-10a9-11e7-9c2e-d850e6bdf14c,NULL,"2017-03-24 08:51:21","2017-03-24 08:51:21",b9c43036-10a9-11e7-9c2e-d850e6bdf14c,200,NULL,STORE,2017-03-24,NULL
b9de4b24-10a9-11e7-9c2e-d850e6bdf14c,NULL,"2017-03-24 08:51:21","2017-03-24 08:51:21",b9d747e8-10a9-11e7-9c2e-d850e6bdf14c,300,NULL,STORE,2017-03-24,NULL
b9eec4b8-10a9-11e7-9c2e-d850e6bdf14c,NULL,"2017-03-24 08:51:21","2017-03-24 08:51:21",b9e68f3c-10a9-11e7-9c2e-d850e6bdf14c,5,NULL,STORE,2017-03-24,NULL
b9fb6a1a-10a9-11e7-9c2e-d850e6bdf14c,NULL,"2017-03-24 08:51:21","2017-03-24 08:51:21",b9f5f5da-10a9-11e7-9c2e-d850e6bdf14c,0,NULL,STORE,2017-03-24,NULL
ba0852e8-10a9-11e7-9c2e-d850e6bdf14c,NULL,"2017-03-24 08:51:21","2017-03-24 08:51:21",ba024a56-10a9-11e7-9c2e-d850e6bdf14c,0,NULL,STORE,2017-03-24,NULL
ba15fd4e-10a9-11e7-9c2e-d850e6bdf14c,NULL,"2017-03-24 08:51:21","2017-03-24 08:51:21",ba103de6-10a9-11e7-9c2e-d850e6bdf14c,0,NULL,STORE,2017-03-24,NULL
ba248012-10a9-11e7-9c2e-d850e6bdf14c,NULL,"2017-03-24 08:51:21","2017-03-24 08:51:21",ba1f00e2-10a9-11e7-9c2e-d850e6bdf14c,400,NULL,STORE,2017-03-24,NULL
ba315382-10a9-11e7-9c2e-d850e6bdf14c,NULL,"2017-03-24 08:51:21","2017-03-24 08:51:21",ba2b3812-10a9-11e7-9c2e-d850e6bdf14c,43,NULL,STORE,2017-03-24,NULL
ba40bf8e-10a9-11e7-9c2e-d850e6bdf14c,NULL,"2017-03-24 08:51:21","2017-03-24 08:51:21",ba383288-10a9-11e7-9c2e-d850e6bdf14c,100,NULL,STORE,2017-03-24,NULL
ba4d1db0-10a9-11e7-9c2e-d850e6bdf14c,NULL,"2017-03-24 08:51:21","2017-03-24 08:51:21",ba477784-10a9-11e7-9c2e-d850e6bdf14c,0,NULL,STORE,2017-03-24,NULL
ba5a1cae-10a9-11e7-9c2e-d850e6bdf14c,NULL,"2017-03-24 08:51:22","2017-03-24 08:51:22",ba53fcac-10a9-11e7-9c2e-d850e6bdf14c,6,NULL,STORE,2017-03-24,NULL
ba665924-10a9-11e7-9c2e-d850e6bdf14c,NULL,"2017-03-24 08:51:22","2017-03-24 08:51:22",ba61030c-10a9-11e7-9c2e-d850e6bdf14c,0,NULL,STORE,2017-03-24,NULL
ba736bc8-10a9-11e7-9c2e-d850e6bdf14c,NULL,"2017-03-24 08:51:22","2017-03-24 08:51:22",ba6d5ea4-10a9-11e7-9c2e-d850e6bdf14c,0,NULL,STORE,2017-03-24,NULL
ba80a720-10a9-11e7-9c2e-d850e6bdf14c,NULL,"2017-03-24 08:51:22","2017-03-24 08:51:22",ba7aa578-10a9-11e7-9c2e-d850e6bdf14c,10,NULL,STORE,2017-03-24,NULL
ba8d4e6c-10a9-11e7-9c2e-d850e6bdf14c,NULL,"2017-03-24 08:51:22","2017-03-24 08:51:22",ba87f0de-10a9-11e7-9c2e-d850e6bdf14c,10,NULL,STORE,2017-03-24,NULL
ba9a3c6c-10a9-11e7-9c2e-d850e6bdf14c,NULL,"2017-03-24 08:51:22","2017-03-24 08:51:22",ba94400a-10a9-11e7-9c2e-d850e6bdf14c,45,NULL,STORE,2017-03-24,NULL
baa6a8e4-10a9-11e7-9c2e-d850e6bdf14c,NULL,"2017-03-24 08:51:22","2017-03-24 08:51:22",baa13792-10a9-11e7-9c2e-d850e6bdf14c,0,NULL,STORE,2017-03-24,NULL
bab39db0-10a9-11e7-9c2e-d850e6bdf14c,NULL,"2017-03-24 08:51:22","2017-03-24 08:51:22",baada1c6-10a9-11e7-9c2e-d850e6bdf14c,0,NULL,STORE,2017-03-24,NULL
babfe638-10a9-11e7-9c2e-d850e6bdf14c,NULL,"2017-03-24 08:51:22","2017-03-24 08:51:22",baba770c-10a9-11e7-9c2e-d850e6bdf14c,700,NULL,STORE,2017-03-24,NULL
baccce8e-10a9-11e7-9c2e-d850e6bdf14c,NULL,"2017-03-24 08:51:22","2017-03-24 08:51:22",bac70670-10a9-11e7-9c2e-d850e6bdf14c,0,NULL,STORE,2017-03-24,NULL
bad96982-10a9-11e7-9c2e-d850e6bdf14c,NULL,"2017-03-24 08:51:22","2017-03-24 08:51:22",bad3e5d4-10a9-11e7-9c2e-d850e6bdf14c,142,NULL,STORE,2017-03-24,NULL
bae62b36-10a9-11e7-9c2e-d850e6bdf14c,NULL,"2017-03-24 08:51:22","2017-03-24 08:51:22",bae0b908-10a9-11e7-9c2e-d850e6bdf14c,100,NULL,STORE,2017-03-24,NULL
d3ae2cc4-10ed-11e7-82e3-d850e6bdf14c,NULL,"2017-03-24 16:58:50","2017-03-24 16:58:50",9f7ae67a-10a9-11e7-9c2e-d850e6bdf14c,3,0958,RETRIEVE,2017-03-22,"OUT FOR LB"
d6c14b58-10d4-11e7-9c2e-d850e6bdf14c,NULL,"2017-03-24 13:59:58","2017-03-24 13:59:58",853879aa-10d4-11e7-9c2e-d850e6bdf14c,100,18540,STORE,2017-03-21,"LOCAL CSS"
df3fd118-10b2-11e7-9c2e-d850e6bdf14c,NULL,"2017-03-24 09:56:49","2017-03-24 09:56:49",495f8a62-10b2-11e7-9c2e-d850e6bdf14c,40,"PACKING LIST FROM CHINA",STORE,2017-03-23,no.36
e1643e5e-10d3-11e7-9c2e-d850e6bdf14c,NULL,"2017-03-24 13:53:06","2017-03-24 13:53:06",1b2e4d60-10d3-11e7-9c2e-d850e6bdf14c,200,163755,STORE,2017-03-21,"LOCAL CSS"
e392ca60-10ec-11e7-82e3-d850e6bdf14c,NULL,"2017-03-24 16:52:07","2017-03-24 16:52:07",a09bf18e-10a9-11e7-9c2e-d850e6bdf14c,2,0953,RETRIEVE,2017-03-18,"OUT FOR LB"
f653fdc6-10b6-11e7-9c2e-d850e6bdf14c,"2017-03-24 11:08:10","2017-03-24 10:26:06","2017-03-24 11:08:10",a0a896c8-10a9-11e7-9c2e-d850e6bdf14c,60,"OUT BY LITOY",RETRIEVE,2017-03-24,no.36
f7c539f6-10e1-11e7-82e3-d850e6bdf14c,NULL,"2017-03-24 15:33:56","2017-03-24 15:33:56",a01437f8-10a9-11e7-9c2e-d850e6bdf14c,10,0964,RETRIEVE,2017-03-24,"OUT BY LOUIE"
f8797a2e-10c3-11e7-9c2e-d850e6bdf14c,NULL,"2017-03-24 11:59:13","2017-03-24 15:49:14",a07ef958-10a9-11e7-9c2e-d850e6bdf14c,5,0962,RETRIEVE,2017-03-24,"out by litoy"
fba2c308-10d3-11e7-9c2e-d850e6bdf14c,NULL,"2017-03-24 13:53:50","2017-03-24 13:53:50",48cb5344-10d3-11e7-9c2e-d850e6bdf14c,100,163755,STORE,2017-03-21,"LOCAL CSS"
fead0a1e-10d2-11e7-9c2e-d850e6bdf14c,NULL,"2017-03-24 13:46:46","2017-03-24 13:46:46",a60efeb2-10d2-11e7-9c2e-d850e6bdf14c,150,"163755 ",STORE,2017-03-21,"LOCAL CSS"
